무인교통단속카메라관리번호,도로종류,도로노선번호,도로노선명,소재지지번주소,위도,경도,설치장소,설치연도
수정신흥1-D-1,기타,,시민로,경기도 성남시 수정구 신흥동 5180,37.442751,127.142565,샤르망아파트,2006
수정신흥1-D-2,기타,,수정로,경기도 성남시 수정구 신흥동 5528,37.44273,127.138668,성남중앙신협본점,2006
수정신흥1-D-3,기타,,산성대로,경기도 성남시 수정구 신흥동 6912,37.438597,127.141886,SK엔크린 LPG,2006
수정신흥2-D-1,기타,,희망로,경기도 성남시 수정구 신흥동 139-3,37.450373,127.151741,수정노인종합복지관 주차장입구,2009
수정신흥2-D-2,기타,,수정로,경기도 성남시 수정구 신흥2동 30-2,37.450341,127.14645,산성역자이2단지,2020
수정신흥2-D-3,기타,,수정로,경기도 성남시 수정구 신흥2동 125,37.45043,127.14674,교통섬,2020
수정신흥2-D-4,기타,,수정로,경기도 성남시 수정구 신흥동 464,37.448539,127.152126,산성역자이푸르지오3단지,2024
수정신흥2-D-5,기타,,수정로,경기도 성남시 수정구 신흥동 248,37.449985,127.15023,산성역자이푸르지오 4단지 인근 사거리,2024
수정신흥2-D-6,기타,,수정로,경기도 성남시 수정구 신흥동 941,37.449971,127.147145,산성역자이푸르지오 2단지 출입구,2024
수정신흥2-D-7,기타,,공원로,경기도 성남시 수정구 신흥동 2015,37.44555,127.148825,두산아파트앞 사거리,2024
수정신흥2-D-8,기타,,희망로,경기도 성남시 수정구 신흥동 148,37.450312,127.151898,성남혜은학교 앞 버스정류장,2024
수정신흥2-D-9,기타,,수정로,경기도 성남시 수정구 신흥동 185,37.450807,127.148757,신흥2동행정복지센터 인근 삼거리,2024
수정신흥2-D-10,기타,,수정로,경기도 성남시 수정구 신흥동 1741-25,37.448262,127.145517,산성역자이푸르지오 1단지 출입구,2024
수정신흥2-A-10,기타,,공원로,경기도 성남시 수정구 신흥동 76-1,37.44935,127.14324,성남여자중학교 인근,2024
수정신흥2-A-24,기타,,공원로,경기도 성남시 수정구 신흥2동 1232-2,37.445971,127.149381,경기도교육청성남도서관 입구,2021
수정신흥2-A-4,기타,,공원로,경기도 성남시 수정구 신흥2동 89번지,37.44667,127.14936,신흥성당앞 삼거리,2021
수정신흥2-A-26,기타,,공원로,경기도 성남시 수정구 신흥2동 89번지,37.449078,127.143242,성모유치원,2018
수정신흥2-E-1,기타,,산성대로,경기도 성남시 수정구 신흥동 2463-4,37.443741,127.152815,롯데시네마 앞,2009
수정신흥3-D-1,기타,,산성대로,경기도 성남시 수정구 신흥동 2482,37.442365,127.149905,성남우체국앞,2006
수정신흥3-D-2,기타,,산성대로,경기도 성남시 수정구 신흥동 2495,37.441666,127.148494,신흥역4번출구,2006
수정신흥3-D-3,기타,,시민로,경기도 성남시 수정구 신흥동 3778,37.441109,127.144062,스타시티주창장입구,2006
수정신흥3-D-4,기타,,산성대로,경기도 성남시 수정구 신흥동 4223-2,37.44009,127.144501,신흥사거리,2009
수정신흥3-D-5,기타,,산성대로269번길,경기도 성남시 수정구신흥3동 4124,37.441356,127.146447,성남청년지원센터,2020
수정태평1-D-1,일반국도,3번,성남대로,경기도 성남시 수정구 태평동 6111,37.443891,127.127355,태평고개사거리,2006
수정태평1-D-2,기타,,수정로,경기도 성남시 수정구 태평동 6459,37.440206,127.12873,태평역2번출구,2009
수정태평1-D-3,일반국도,3번,성남대로,경기도 성남시 수정구 태평동 6973,37.440052,127.127332,태평역6번출구,2006
수정태평1-D-4,기타,,수정로,경기도 성남시 수정구 태평동 6425,37.441035,127.131487,중앙시장사거리,2020
수정태평2-D-1,기타,,시민로,경기도 성남시 수정구 태평동 288-16,37.450558,127.138315,강일마트 앞,2006
수정태평2-D-2,기타,,수정로,경기도 성남시 수정구 태평2동 3309,37.443834,127.138397,성남시의료원,2021
수정태평3-D-1,기타,,수정로,경기도 성남시 수정구 태평동 3677,37.441681,127.133584,중앙시장,2006
수정태평3-D-2,기타,,제일로,경기도 성남시 수정구 태평동 6416,37.441881,127.131161,현대시장입구,2006
수정태평3-D-3,기타,,수정로,경기도 성남시 수정구 태평동 3681,37.441398,127.132117,성남중앙공설시장입구,2020
수정태평3-D-4,기타,,남문로,경기도 성남시 수정구 태평동 4304,37.444825,127.130011,한전사거리,2023
수정태평3-A-1,기타,,남문로,경기도 성남시 수정구 태평동 3743,37.444954,127.131681,태평초등학교 정문,2013
수정태평3-A-9,기타,,태평로,경기도 성남시 수정구 태평동 7343,37.448243,127.129489,성남서초등학교 정문,2022
수정태평3-A-21,기타,,태평로,경기도 성남시 수정구 태평동 5090-1,37.44797,127.12851,성남서초등학교,2022
수정태평4-D-1,기타,,수정로,경기도 성남시 수정구 태평동 7339-4,37.444593,127.143015,숯골사거리,2006
수정태평4-D-2,기타,,태평로,경기도 성남시 수정구 태평동 25-1,37.451656,127.140582,현충탑앞,2023
수정태평4-A-5,기타,,남문로,경기도 성남시 수정구 태평동 7290,37.447863,127.140886,금빛초등학교 후문,2013
수정태평4-A-17,기타,,남문로,경기도 성남시 수정구 태평4동 7289,37.44745,127.13892,금빛초등학교 정문,2021
수정태평4-A-20,기타,,수정로,경기도 성남시 수정구 태평4동 7362,37.44571,127.14499,성남초등학교 정문,2021
수정수진1-D-1,기타,,수정로,경기도 성남시 수정구 수진동 5,37.441765,127.135465,수진1동 5 주변,2006
수정수진1-D-2,기타,,수정로,경기도 성남시 수정구 수진동 56,37.44073,127.132218,중앙시장사거리,2020
수정수진1-A-41,기타,,탄리로,경기도 성남시 수정구 수진1동 587,37.441399,127.136427,수정커뮤니티센터 앞,2022
수정수진2-D-1,기타,,수정로,경기도 성남시 수정구 수진동 2962,37.440198,127.130177,통계청,2006
수정수진2-D-2,일반국도,3번,성남대로,경기도 성남시 수정구 수진동 3013,37.438543,127.128377,예농빌딩,2009
수정수진2-D-3,기타,,제일로,경기도 성남시 수정구 수진동 3399,37.439421,127.132293,수진동현대아파트,2006
수정수진2-D-4,기타,,산성대로,경기도 성남시 수정구 수진동 4538,37.439361,127.127461,정풍빌딩,2009
수정수진2-D-5,일반국도,3번,성남대로,경기도 성남시 수정구 수진동 4612,37.436131,127.128017,모란고개버스정류장,2006
수정수진2-D-6,기타,,제일로,경기도 성남시 수정구 수진동 2929,37.440642,127.131692,SR프라자,2016
수정수진2-D-7,기타,,산성대로,경기도 성남시 수정구 수진동 4760-5,37.4338,127.125947,둔전교회 앞,2017
수정수진2-D-8,기타,,수정로,경기도 성남시 수정구 수진2동 4688-1,37.440092,127.121563,밀리언근린공원 앞,2022
수정수진2-A-20,기타,,모란로,경기도 성남시 수정구 수진2동 4786,37.434582,127.127609,성수초등학교 정문,2022
수정단대-D-1,기타,,산성대로,경기도 성남시 수정구 단대동 95-8,37.451247,127.159269,남한산성역3번출구,2006
수정단대-A-1,기타,,단대로,경기도 성남시 수정구 단대동 80,37.452701,127.157241,단대초등학교 정문,2013
수정산성-D-1,기타,,수정남로,경기도 성남시 수정구 산성동 1432,37.454651,127.150271,포레스티아 동문,2006
수정산성-A-1,기타,,수정남로,경기도 성남시 수정구 산성동 2137,37.451481,127.151474,성남북초등학교 후문,2013
수정산성-A-2,기타,,희망로,경기도 성남시 수정구 산성동 2137,37.45153,127.152066,성남북초등학교 정문,2022
수정양지-D-1,기타,,산성대로,경기도 성남시 수정구 양지동 25,37.462799,127.168872,남한산성공원입구 버스정류장,2020
수정양지-A-1,기타,,논골로,경기도 성남시 수정구 양지동 386,37.459321,127.161675,양지초등학교 정문,2022
수정복정-A-4,일반국도,3번,성남대로,경기도 성남시 수정구 복정동 664-8,37.462042,127.128323,복정초등학교 부근,2013
수정복정-A-15,일반국도,3번,성남대로,경기도 성남시 수정구 복정동 388-14,37.465792,127.128438,서울국제학교 주변,2014
수정위례-D-1,기타,,위례광장로,경기도 성남시 수정구 창곡동 510,37.471226,127.143735,위례35단지,2018
수정위례-D-2,기타,,위례순환로,경기도 성남시 수정구 창곡동 502,37.471898,127.135873,위례중앙초등학교,2018
수정위례-D-3,기타,,위례서일로3길,경기도 성남시 수정구 창곡동 546-5,37.467399,127.140081,으뜸프라자,2018
수정위례-D-4,기타,,위례동로,경기도 성남시 수정구 창곡동 566,37.466679,127.148395,위례역푸르지오,2018
수정위례-D-5,지방도,342번,헌릉로,경기도 성남시 수정구 창곡동 559-11,37.463244,127.139814,남위례역4번출구,2018
수정위례-D-6,기타,,위례광장로,경기도 성남시 수정구 창곡동 505,37.473051,127.141263,위례센트럴자이 정문,2018
수정위례-D-7,기타,,위례광장로,경기도 성남시 수정구 창곡동 563,37.466768,127.142159,위례푸르지오6단지 정문,2018
수정위례-D-8,기타,,위례광장로,경기도 성남시 수정구 창곡동 557-7,37.466224,127.136574,경운프라자,2021
수정위례-D-9,기타,,위례광장로,경기도 성남시 수정구 창곡동 547-10,37.46527,127.139208,위례드림시티,2021
수정위례-D-10,기타,,위례동로,경기도 성남시 수정구 창곡동 512-2,37.472971,127.149439,성남위례파출소,2022
수정위례-D-11,기타,,위례광장로,경기도 성남시 수정구 창곡동 564,37.466271,127.14053,위례푸르지오5단지,2023
수정위례-D-12,기타,,위례순환로,경기도 성남시 수정구 창곡동 145-4,37.470832,127.143247,위례고운초등학교,2023
수정위례-D-13,기타,,위례광장로,경기도 성남시 수정구 창곡동 561-2,37.46475,127.14077,푸르지오시티 출입구 앞,2024
수정위례-A-10,기타,,위례순환로,경기도 성남시 수정구 창곡동 511,37.47149,127.145774,위례35단지입구,2018
수정위례-A-12,기타,,위례순환로,경기도 성남시 수정구 창곡동 518,37.470732,127.150959,위례푸른초등학교,2018
수정위례-A-35,기타,,위례동로,경기도 성남시 수정구 창곡동 570,37.465765,127.147019,위례한빛초등학교,2018
수정위례-A-40,기타,,위례동로,경기도 성남시 수정구 창곡동 513-3,37.472279,127.150085,위례신성위캐슬타워,2018
수정고등-D-1,지방도,23번,대왕판교로,경기도 성남시 수정구 고등동 429-1,37.424751,127.102221,고등동사무소앞,2011
수정고등-D-2,기타,,고등공원로,경기도 성남시 수정구 고등동 313,37.430091,127.100748,고등근린공원,2020
수정고등-D-3,기타,,고등로,경기도 성남시 수정구 고등동 498-1,37.428899,127.094484,판교밸리호반써밋,2020
수정고등-D-4,기타,,청계산로,경기도 성남시 수정구 고등동 501-5,37.427873,127.093456,연내울교차로 버스정류장,2020
수정고등-D-5,기타,,왕남로,경기도 성남시 수정구 고등동 506-2,37.428001,127.097741,왕남초등학교,2020
수정고등-D-6,기타,,왕남로,경기도 성남시 수정구 고등동 424-10,37.428095,127.100761,고등동행정복지센터,2020
수정고등-D-7,기타,,청계산로,경기도 성남시 수정구 고등동 512-5,37.426672,127.095531,성남고등동성당,2020
수정고등-D-8,기타,,고등공원로,경기도 성남시 수정구 고등동 446,37.425517,127.100311,고산근린공원,2020
수정고등-D-9,기타,,고등로,경기도 성남시 수정구 고등동 474-2,37.429971,127.096454,판교밸리포레자이,2020
수정고등-D-10,기타,,청계산로,경기도 성남시 수정구 고등동 526-50,37.428477,127.092877,정혜사,2020
수정금토-D-1,지방도,23번,대왕판교로,경기도 성남시 수정구 금토동 273-5,37.409791,127.099093,국지도23호금토동삼거리,2011
수정시흥-D-1,지방도,23번,대왕판교로,경기도 성남시 수정구 시흥동 281-18,37.4114,127.099742,국지도23호도로공사앞,2011
수정시흥-D-2,지방도,23번,대왕판교로,경기도 성남시 수정구 시흥동 190-1,37.424751,127.102595,국지도23호고등동사무소건너편,2011
수정시흥-D-4,기타,,창업로,경기도 성남시 수정구 시흥동 산53,37.410857,127.094998,경기성남SW드림타운,2024
수정시흥-D-5,기타,,창업로,경기도 성남시 수정구 시흥동 산53,37.412503,127.093736,경기성남SW드림타운,2024
수정시흥-D-6,기타,,창업로,경기도 성남시 수정구 금토동 293-1,37.408733,127.095674,성남글로벌융합센터,2024
수정시흥-D-7,기타,,금토로,경기도 성남시 수정구 금토동 410-12,37.408021,127.090105,금토동삼거리(임시),2024
수정시흥-D-8,기타,,금토로,경기도 성남시 수정구 금토동 410-1,37.406494,127.090013,벤처타운 남문,2024
수정시흥-D-9,기타,,금토로,경기도 성남시 수정구 금토동 406,37.405202,127.088283,스마트모빌리티실증허브,2024
수정시흥-D-10,기타,,금토로,경기도 성남시 수정구 금토동 412,37.406387,127.086054,판교이노베이션랩,2024
중원성남-D-1,기타,,광명로,경기도 성남시 중원구 성남동 2610,37.436594,127.142265,성일중고앞 사거리,2006
중원성남-D-2,기타,,원터로,경기도 성남시 중원구 성남동 2878,37.43524,127.14342,성남중앙초등학교 주차장,2008
중원성남-D-3,기타,,산성대로,경기도 성남시 중원구 성남동 4132,37.433049,127.128123,모란사거리,2014
중원성남-D-4,기타,,둔촌대로,경기도 성남시 중원구 성남동 4763,37.429936,127.128577,모란시장,2019
중원성남-D-5,일반국도,3번,성남대로,경기도 성남시 중원구 성남동 1575,37.432185,127.129034,모란역,2019
중원성남-D-6,기타,,광명로,경기도 성남시 중원구 성남동 2205,37.435628,127.139594,신동아파밀리애,2020
중원성남-D-7,기타,,둔촌대로,경기도 성남시 중원구 성남동 1841,37.429913,127.126326,여수지구제1호어린이공원,2020
중원성남-D-8,기타,,광명로,경기도 성남시 중원구 성남동 3298,37.433781,127.13473,운동장사거리,2021
중원성남-D-9,기타,,산성대로,경기도 성남시 중원구 성남동 1401,37.43663,127.13964,수진역2번출구,2023
중원성남-E-3,기타,,산성대로,경기도 성남시 중원구 성남동 2001,37.439211,127.14466,신흥사거리,2009
중원중앙-D-2,기타,,공원로,경기도 성남시 중원구 중앙동 424,37.442144,127.152721,중앙동사거리,2014
중원중앙-D-3,기타,,시민로,경기도 성남시 중원구 중앙동 577,37.435867,127.149448,현대힐스테이트,2021
중원중앙-D-4,기타,,시민로,경기도 성남시 중원구 중앙동 3363-1,37.438357,127.14546,성호시장사거리,2022
중원중앙-D-5,기타,,광명로,경기도 성남시 중원구 중앙동 3030,37.439457,127.148008,제일초등학교,2022
중원중앙-D-6,기타,,광명로,경기도 성남시 중원구 중앙동 2629,37.440212,127.149569,대원공원입구,2022
중원중앙-D-7,기타,,광명로,경기도 성남시 중원구 중앙동 3767-17,37.439463,127.150823,신흥역하늘채랜더스원2단지,2022
중원중앙-D-8,기타,,시민로,경기도 성남시 중원구 중앙동 3735,37.436684,127.146668,신지교회,2022
중원중앙-D-9,기타,,시민로,경기도 성남시 중원구 중앙동 3765,37.437687,127.148968,대원공원배수지,2022
중원중앙-D-10,기타,,시민로,경기도 성남시 중원구 중앙동 3767-15,37.43801,127.15035,중동배수지공영주차장,2022
중원중앙-D-11,기타,,희망로,경기도 성남시 중원구 중앙동 1636-15,37.44103,127.15981,해오름공영주차장,2023
중원금광1-D-1,기타,,금상로,,37.441983,127.164111,금상로사거리,2006
중원금광1-D-2,기타,,광명로,경기도 성남시 중원구 금광동 1347,37.445043,127.162136,장원빌딩,2008
중원금광1-D-3,기타,,금상로,경기도 성남시 중원구 금광동 1645,37.44355,127.165994,금상초등학교,2006
중원금광1-D-5,기타,,금빛로,경기도 성남시 중원구 금광동 1938,37.44583,127.167486,신구대학사거리,2023
중원금광1-D-6,기타,,희망로,경기도 성남시 중원구 갈현동 457-12,37.42266,127.16126,갈현육교,2023
중원금광1-D-7,기타,,희망로,경기도 성남시 중원구 금광동 59,37.44276,127.15923,이편한세상금빛그랑메종1단지,2023
중원금광1-D-8,기타,,희망로,경기도 성남시 중원구 금광동 1003,37.44328,127.16225,e편한세상 204동 주변,2023
중원금광1-D-9,기타,,금빛로,경기도 성남시 중원구 금광동 1009,37.444167,127.164106,e편한세상 604동 주변,2023
중원금광1-D-10,기타,,금빛로,경기도 성남시 중원구 금광동 1020,37.44458,127.166777,e편한세상 508동 주변,2023
중원금광1-D-11,기타,,희망로,경기도 성남시 중원구 금광동 1008,37.442448,127.163628,e편한세상 305동 주변,2023
중원금광1-D-12,기타,,희망로,경기도 성남시 중원구 금광동 868,37.443049,127.165444,금상초등학교 주변,2023
중원금광1-D-13,기타,,광명로,경기도 성남시 중원구 금광동 1347,37.444882,127.16214,장원빌딩 주차장입구,2023
중원금광1-D-14,기타,,광명로,경기도 성남시 중원구 금광동 1452,37.445766,127.165324,새성남교회,2023
중원금광1-D-15,기타,,산성대로,경기도 성남시 중원구 금광동 1015,37.44407,127.159703,e편한세상 1단지 입구,2023
중원금광1-D-16,기타,,희망로,경기도 성남시 중원구 금광동 113,37.440992,127.159788,해오름도서관 인근 교통섬,2023
중원금광2-D-1,기타,,산성대로,경기도 성남시 중원구 금광2동 11,37.444751,127.158591,단대쇼핑,2006
중원금광2-D-2,기타,,산성대로,경기도 성남시 중원구 금광동 4850,37.45244,127.16046,금광시장,2023
중원금광2-A-33,기타,,광명로,경기도 성남시 중원구 금광2동 2412,37.44722,127.1697,하원초등학교 정문,2021
중원은행1-D-1,기타,,자혜로,경기도 성남시 중원구 은행동 1932-7,37.451547,127.164951,중부초등학교,2008
중원은행1-A-1,기타,,금빛로,경기도 성남시 중원구 은행동 2352,37.451621,127.165648,노외주차장 부근중부초등학교,2013
중원은행1-A-10,기타,,은행로,경기도 성남시 중원구 은행1동 421,37.45448,127.1631,상원초등학교 후문,2021
중원은행2-A-12,기타,,자혜로,경기도 성남시 중원구 은행동 421,37.453884,127.162721,상원초등학교 주변,2006
중원은행2-D-1,기타,,산성대로,경기도 성남시 중원구 은행동 422-3,37.454946,127.162026,상원초입구사거리,2014
중원상대원1-D-1,기타,,둔촌대로,경기도 성남시 중원구 상대원동 1963,37.433557,127.160771,대원터널앞사거리,2006
중원상대원1-D-2,기타,,사기막골로,경기도 성남시 중원구 상대원동 124-9,37.444978,127.179149,사기막골,2014
중원상대원1-D-3,기타,,둔촌대로,경기도 성남시 중원구 상대원동 546,37.430585,127.167141,공단본부사거리,2014
중원상대원1-D-4,기타,,사기막골로,경기도 성남시 중원구 상대원동 307-2,37.434861,127.171171,센텍시티2차,2019
중원상대원1-D-5,기타,,둔촌대로457번길,경기도 성남시 중원구 상대원동 517-7,37.432392,127.170058,상대원119안전센터,2019
중원상대원1-D-6,기타,,갈마치로,경기도 성남시 중원구 상대원동 333-3,37.4336,127.17412,공단오거리+공단주유소,2023
중원상대원1-A-13,기타,,순환로,경기도 성남시 중원구 상대원동 54,37.442383,127.181591,상대원초등학교 주변,2014
중원상대원2-D-1,기타,,희망로,경기도 성남시 중원구 상대원동 4128,37.436495,127.15798,상대원시장앞,2006
중원상대원2-D-2,기타,,희망로,경기도 성남시 중원구 상대원2동 3154-1,37.4392,127.158771,상대원2파출소 주변,2022
중원상대원3-D-1,기타,,금상로,경기도 성남시 중원구 상대원동 2339,37.440165,127.162594,성남농협 대원지점,2006
중원하대원-D-1,기타,,제일로,경기도 성남시 중원구 하대원동 110-8,37.42901,127.137229,중원구청사거리,2006
중원하대원-D-2,기타,,둔촌대로,경기도 성남시 중원구 하대원동 143-1,37.42875,127.148891,성남테크노과학고,2006
중원하대원-D-3,기타,,둔촌대로,경기도 성남시 중원구 하대원동 235-2,37.431329,127.15728,"중상60,63주차장",2008
중원하대원-D-4,기타,,둔촌대로,경기도 성남시 중원구 하대원동 249,37.429078,127.149759,둔촌공원,2008
중원하대원-D-5,일반국도,3번,성남대로,경기도 성남시 중원구 하대원동 100-3,37.42867,127.130181,여수사거리,2019
중원하대원-D-6,기타,,마지로,경기도 성남시 중원구 하대원동 19,37.428222,127.131416,하나님의교회 앞,2022
중원하대원-D-7,기타,,마지로,경기도 성남시 중원구 하대원동 105-5,37.42841,127.1357,성광교회 앞,2023
중원하대원-A-15,기타,,원터로,경기도 성남시 중원구 하대원동 123,37.429483,127.144034,검단초등학교 주변,2014
중원하대원-A-22,기타,,시민로,경기도 성남시 중원구 하대원동 167-2,37.43114,127.15121,대하초등학교 정문,2021
중원도촌-D-1,일반국도,3번,성남대로,경기도 성남시 중원구 여수동 219,37.418578,127.12554,시청 출입구 앞,2016
중원도촌-D-2,일반국도,3번,성남대로,경기도 성남시 중원구 여수동 181,37.418557,127.127423,시청 앞,2016
중원도촌-D-5,일반국도,3번,성남대로,경기도 성남시 중원구 여수동 185,37.418003,127.128187,야탑사거리,2016
중원도촌-D-6,기타,,양현로,경기도 성남시 중원구 여수동 189,37.417132,127.127783,성남스마트캐슬,2016
중원도촌-D-7,일반국도,3번,성남대로,경기도 성남시 중원구 여수동 309,37.41706,127.12574,야탑초등학교,2016
중원도촌-D-8,일반국도,3번,성남대로,경기도 성남시 중원구 여수동 247,37.417938,127.124767,여수동제1공영주차장,2016
중원도촌-D-9,기타,,여수울로,경기도 성남시 중원구 여수동 425,37.418953,127.132091,하나빌딩,2016
중원도촌-A-3,기타,,도촌남로,경기도 성남시 중원구 도촌동 693,37.413311,127.158665,도촌초등학교 앞 삼거리,2013
중원도촌-A-14,기타,,여수울로,경기도 성남시 중원구 여수동 577,37.41943,127.132461,여수초등학교 후문,2022
중원도촌-A-32,기타,,도촌남로,경기도 성남시 중원구 도촌동 506번지 도촌유치원,37.413898,127.149773,도촌유치원,2018
중원도촌-A-41,기타,,여수울로,경기도 성남시 중원구 여수동 577,37.41865,127.13404,여수초등학교 정문,2022
분당분당-A-20,기타,,장안로,경기도 성남시 분당구 분당동 91,37.372662,127.144459,장안초등학교 주변,2014
분당분당-A-21,기타,,분당로,경기도 성남시 분당구 분당동 36,37.373689,127.131262,당촌초등학교 주변,2014
분당수내1-D-1,기타,,황새울로,경기도 성남시 분당구 수내동 21-3,37.377771,127.111777,판테온부근,2010
분당수내1-D-2,기타,,황새울로,경기도 성남시 분당구 수내1동 12-1,37.379502,127.115041,재규어랜드로버 앞,2022
분당수내1-A-4,기타,,내정로,경기도 성남시 분당구 수내동 35,37.376826,127.117592,초림초등학교 후문,2012
분당수내1-A-27,기타,,내정로,경기도 성남시 분당구 수내1동 28-3,37.37406,127.11872,신한은행 앞,2021
분당수내2-D-1,기타,,내정로,경기도 성남시 분당구 수내동 53,37.371531,127.122101,돌고래재래시장앞,2008
분당수내2-D-2,기타,,내정로,경기도 성남시 분당구 수내동 55,37.371902,127.12017,동신파크 하나은행앞,2006
분당수내2-D-3,기타,,내정로,경기도 성남시 분당구 수내동 63-1,37.370357,127.122641,동신코아앞,2006
분당수내2-A-9,기타,,내정로,경기도 성남시 분당구 수내2동 57,37.37269,127.12148,내정초등학교 후문,2021
분당수내3-A-7,기타,,돌마로,경기도 성남시 분당구 수내동 81,37.367761,127.124663,수내초등학교 주변,2014
분당정자-D-1,기타,,황새울로,경기도 성남시 분당구 정자동 99-3,37.3719,127.1097,백현중학교,2023
분당정자-D-3,기타,,내정로,경기도 성남시 분당구 정자동 127-3,37.362136,127.114476,한솔프라자앞,2006
분당정자1-D-1,일반국도,3번,성남대로,경기도 성남시 분당구 정자동 15-2,37.370561,127.107512,두산위브파빌리온 앞,2008
분당정자1-D-2,일반국도,3번,성남대로,경기도 성남시 분당구 정자동 18-6,37.366811,127.108061,정자역프라자앞,2006
분당정자1-D-3,기타,,정자일로,경기도 성남시 분당구 정자동 16-2,37.36803,127.105521,대우푸르지오시티앞,2014
분당정자1-D-4,일반국도,3번,성남대로,경기도 성남시 분당구 정자동 156-1,37.365332,127.107705,젤존타워 Ⅱ앞,2006
분당정자1-D-5,일반국도,3번,성남대로,경기도 성남시 분당구 정자동 26,37.365752,127.107331,정자역 환승주차장,2014
분당정자1-D-6,기타,,정자일로,경기도 성남시 분당구 정자동 160,37.365305,127.10545,분당경찰서 주변,2014
분당정자1-D-7,기타,,정자일로,경기도 성남시 분당구 정자동 174-1,37.361338,127.105543,스타파크 앞,2017
분당정자1-D-8,기타,,정자일로 232번길,경기도 성남시 분당구 정자1동 15-1,37.370847,127.107484,두산위브파빌리온앞,2020
분당정자1-D-9,기타,,정자일로,경기도 성남시 분당구 정자1동 165-1,37.36329,127.10622,엠코헤리츠,2021
분당정자1-D-10,기타,,성남대로,경기도 성남시 분당구 정자1동 6-3,37.372347,127.105785,늘푸른고등학교 삼거리 주변,2022
분당정자1-D-11,기타,,성남대로,경기도 성남시 분당구 정자1동 169-1,37.361212,127.106993,아데나루체아파트 정문,2022
분당정자1-D-12,기타,,정자일로,경기도 성남시 분당구 정자동 96-1,37.37061,127.10604,분당현대아이파크3단지아파트입구,2023
분당정자1-A-3,기타,,백현다릿길,경기도 성남시 분당구 정자1동 6-2,37.373847,127.104387,정자초등학교 정문,2021
분당정자1-A-9,기타,,황새울로,경기도 성남시 분당구 정자동 89,37.366582,127.11106,신기초등학교 주변,2014
분당정자1-A-11,기타,,정자일로,경기도 성남시 분당구 정자동 178-5,37.358334,127.105671,늘푸른초등학교 주변,2014
분당정자2-D-1,기타,,돌마로,,37.36619,127.11886,한솔초등학교 정문,2021
분당정자3-D-1,기타,,불정로,경기도 성남시 분당구 정자3동 211,37.359113,127.119363,이마트,2022
분당정자3-D-2,기타,,내정로,경기도 성남시 분당구 정자3동 257-1,37.36009,127.11467,계원삼거리,2023
분당정자3-A-11,기타,,돌마로,경기도 성남시 분당구 정자3동 203,37.3616,127.11908,불정초등학교 정문,2021
분당정자3-A-12,기타,,내정로,경기도 성남시 분당구 정자3동 195,37.36162,127.11488,탄천초등학교 정문,2021
분당서현1-D-1,지방도,57번,서현로,경기도 성남시 분당구 서현동 245-4,37.38712,127.125209,엘지에클라트 Ⅱ앞,2006
분당서현1-D-2,기타,,황새울로,경기도 성남시 분당구 서현동 259-3,37.387226,127.1205,성남교육지원청 앞,2008
분당서현1-D-3,기타,,황새울로,경기도 성남시 분당구 서현동 264,37.384261,127.123721,공항버스 정류장,2006
분당서현1-D-4,기타,,황새울로,경기도 성남시 분당구 서현동 254-1,37.387996,127.123291,풍림아이원 입구,2014
분당서현1-D-5,기타,,중앙공원로,경기도 성남시 분당구 서현1동 94-3,37.37842,127.13283,우성아파트 후문,2021
분당서현1-A-10,기타,,중앙공원로,경기도 성남시 분당구 서현동 92-1,37.378988,127.129653,분당초등학교 주변,2014
분당서현1-A-11,기타,,중앙공원로,경기도 성남시 분당구 서현동 87-1,37.382576,127.12855,서현초등학교 주변,2014
분당서현2-D-1,기타,,돌마로,경기도 성남시 분당구 서현동 298-3,37.376981,127.133437,효자촌 프라자,2006
분당서현2-D-2,기타,,장안로,경기도 성남시 분당구 서현동 312-1,37.372012,127.140796,수련어린이공원 인근,2024
분당서현2-A-7,기타,,돌마로,경기도 성남시 분당구 서현동 303,37.374602,127.134589,서당초등학교 주변,2014
분당서현2-A-8,기타,,불정로,경기도 성남시 분당구 서현동 319,37.37466,127.140091,양영초등학교 주변,2014
분당이매1-D-1,기타,,이매로,경기도 성남시 분당구 이매동 376,37.39277,127.13125,송림고등학교 정문,2023
분당이매1-D-2,기타,,이매로,경기도 성남시 분당구 이매동 115-1,37.39483,127.12547,안말사거리,2024
분당이매1-A-9,기타,,양현로,경기도 성남시 분당구 이매동 118,37.393154,127.125982,안말초등학교 정문,2012
분당이매1-A-10,기타,,양현로,경기도 성남시 분당구 이매동 112,37.39721,127.126493,이매초등학교 정문,2012
분당이매2-D-1,일반국도,3번,성남대로,경기도 성남시 분당구 이매동 106-4,37.398897,127.126648,이매119소방센터 건너편,2008
분당이매2-D-2,기타,,판교로,경기도 성남시 분당구 이매동 131-4,37.405152,127.122426,우리은행 이매지점,2006
분당이매2-A-7,기타,,탄천로,경기도 성남시 분당구 이매동 136,37.402184,127.122403,매송초등학교 주변,2014
분당야탑1-D-1,일반국도,3번,성남대로,경기도 성남시 분당구 야탑동 352-4,37.412043,127.12729,야탑역4번출구 하이마트,2008
분당야탑1-D-2,기타,,야탑로,경기도 성남시 분당구 야탑동 357-3,37.41094,127.127486,뉴코아아울렛,2009
분당야탑1-D-3,기타,,양현로,경기도 성남시 분당구 야탑동 327-1,37.415501,127.137441,야탑중학교 건너편,2016
분당야탑1-D-4,기타,,성남대로,경기도 성남시 분당구 야탑1동 364-2,37.41224,127.12945,제1환승공영주차장 출구,2020
분당야탑1-D-5,기타,,성남대로,경기도 성남시 분당구 야탑1동 364-2,37.41151,127.12945,제1환승공영주차장 입구,2020
분당야탑2-D-1,기타,,양현로,경기도 성남시 분당구 야탑동 530,37.406289,127.127129,탑마을 쌍용 505동앞,2010
분당야탑2-D-2,기타,,판교로,경기도 성남시 분당구 야탑동 533-5,37.405753,127.122741,남서울프라자 국민은행앞,2006
분당야탑2-A-7,일반국도,3번,성남대로,경기도 성남시 분당구 야탑동 515,37.409099,127.130378,돌마초등학교 주변,2014
분당야탑2-A-8,기타,,양현로,경기도 성남시 분당구 야탑동 531,37.407326,127.126613,하탑초등학교 주변,2014
분당야탑3-A-6,기타,,야탑로,경기도 성남시 분당구 야탑동 161,37.406209,127.145692,상탑초등학교 정문,2012
분당야탑3-A-7,기타,,벌말로,경기도 성남시 분당구 야탑동 212,37.413924,127.139685,중탑초등학교 정문,2012
분당금곡-D-1,기타,,돌마로,경기도 성남시 분당구 금곡동 153,37.350396,127.110802,미금역2번출구 썬프라자,2006
분당금곡-D-2,기타,,돌마로,경기도 성남시 분당구 금곡동 166,37.350382,127.107131,미금역7번출구 이코노샤르망,2006
분당금곡-D-4,지방도,23번,대왕판교로,경기도 성남시 분당구 금곡동 90-4,37.362915,127.102249,국지도23호쇳골 입구 삼거리,2011
분당금곡-D-5,기타,,성남대로172번길,경기도 성남시 분당구 금곡동 146,37.351566,127.11073,청솔어린이공원 앞,2020
분당금곡-A-5,기타,,금곡로,경기도 성남시 분당구 금곡동 131,37.354658,127.1141,청솔초등학교 정문,2012
분당금곡-A-9,기타,,정자일로6번길,경기도 성남시 분당구 금곡동 199-2번지,37.350586,127.107925,천사의도시1차 오피스텔 주차장입구,2020
분당궁내-D-1,지방도,23번,대왕판교로,경기도 성남시 분당구 궁내동 302-8,37.375802,127.101376,GS충전소앞,2011
분당구미-D-1,기타,,돌마로,경기도 성남시 분당구 구미1동 8-2,37.349681,127.10775,미금역 6번출구 MD프라자,2008
분당구미-D-2,일반국도,3번,성남대로,경기도 성남시 분당구 구미동 185-3,37.338851,127.109393,오리역3번출구 오랜지약국앞,2006
분당구미-D-3,기타,,돌마로,경기도 성남시 분당구 구미1동 24-2,37.349687,127.110382,미금역 3번출구 현대벤처빌,2006
분당구미-D-4,기타,,구미로,경기도 성남시 분당구 구미동 300,37.35025,127.12341,서울대병원 진입로,2020
분당구미-A-16,기타,,미금로,경기도 성남시 분당구 구미동 215,37.337755,127.118399,구미초등학교 주변,2014
분당구미-A-17,기타,,무지개로,경기도 성남시 분당구 구미동 241,37.340984,127.119732,불곡초등학교 주변,2014
분당구미-A-18,기타,,미금로,경기도 성남시 분당구 구미동 115,37.344353,127.115379,오리초등학교 주변,2014
분당구미1-D-1,기타,,미금일로154번길,경기도 성남시 분당구 구미동 9-1,37.349283,127.108276,엠코헤리츠,2020
분당구미1-D-2,기타,,돌마로90번길,경기도 성남시 분당구 구미동 26,37.349484,127.112042,구미1동 행정복지센터 근처,2020
분당구미1-A-11,기타,,구미로,경기도 성남시 분당구 구미1동 68,37.347418,127.115271,미금초등학교 정문,2021
분당판교-D-1,기타,,운중로,경기도 성남시 분당구 판교동 553,37.391898,127.090851,판교도서관 앞,2011
분당판교-D-2,기타,,판교로,경기도 성남시 분당구 판교동 498,37.400635,127.095072,판교박물관 앞,2011
분당판교-D-3,기타,,판교로,경기도 성남시 분당구 판교동 511-1,37.400053,127.09571,성내미사거리 우측,2011
분당판교-D-4,지방도,23번,대왕판교로,경기도 성남시 분당구 판교동 651-1,37.387349,127.102246,낙생고 앞,2011
분당판교-D-5,지방도,23번,대왕판교로,경기도 성남시 분당구 판교동 650-1,37.387078,127.101748,낙생고 건너편,2011
분당판교-D-6,기타,,서판교로,경기도 성남시 분당구 판교동 577-5,37.38956,127.09804,하나로마트 건너편,2020
분당판교-A-53,기타,,서판교로,경기도 성남시 분당구 판교동 551-1번지,37.39459,127.098289,낙생초등학교  삼거리,2011
분당판교-A-103,기타,,서판교로88번길,경기도 성남시 분당구 판교동 551번지,37.394304,127.098913,낙생초등학교,2014
분당판교-A-106,기타,,판교원로,경기도 성남시 분당구 판교동 636,37.386367,127.091721,판교초등학교 정문,2022
분당삼평-D-1,기타,,판교로,경기도 성남시 분당구 삼평동 708,37.404247,127.115277,사송사거리-상,2011
분당삼평-D-2,기타,,동판교로,경기도 성남시 분당구 삼평동 718,37.402585,127.117684,봇들마을 4단지 앞,2011
분당삼평-D-3,기타,,판교역로,경기도 성남시 분당구 삼평동 662,37.397745,127.111433,봇들교사거리좌측,2011
분당삼평-D-4,기타,,분당내곡로,경기도 성남시 분당구 삼평동 658,37.397989,127.11252,봇들교사거리 백범초교 앞,2011
분당삼평-D-5,기타,,동판교로,경기도 성남시 분당구 삼평동 740,37.397321,127.113562,봇들교사거리 백범초교 앞,2011
분당삼평-D-6,기타,,판교역로,경기도 성남시 분당구 삼평동 644,37.396943,127.110055,동안교삼거리,2011
분당삼평-D-7,지방도,23번,대왕판교로,경기도 성남시 분당구 삼평동 670,37.400466,127.106813,판교테크노중앙사거리->판교테크노2사거리,2011
분당삼평-D-8,지방도,23번,대왕판교로,경기도 성남시 분당구 삼평동 668-3,37.401574,127.105347,판교테크노2사거리->판교테크노중앙사거리,2011
분당삼평-D-9,기타,,판교로,경기도 성남시 분당구 삼평동 622,37.403742,127.103047,포스코 ICT 앞,2011
분당삼평-D-10,기타,,판교로,경기도 성남시 분당구 삼평동 620,37.404027,127.101471,이노밸리 C동 뒤,2011
분당삼평-D-11,지방도,23번,대왕판교로,경기도 성남시 분당구 삼평동 676,37.400166,127.112312,어울공원 앞,2011
분당삼평-D-12,기타,,동판교로,경기도 성남시 분당구 삼평동 740,37.397321,127.113562,푸르지오 월드마크 입구,2011
분당삼평-D-13,기타,,판교로,경기도 성남시 분당구 삼평동 618,37.404024,127.10009,우림W-CITY 옆,2011
분당삼평-D-14,기타,,판교로,경기도 성남시 분당구 삼평동 616-2,37.403902,127.099176,만도중앙연구소 옆,2011
분당삼평-D-15,기타,,판교로,경기도 성남시 분당구 삼평동 698,37.40462,127.105814,판교스타트업캠피스 앞,2016
분당삼평-D-16,기타,,판교역로,경기도 성남시 분당구 삼평동 681,37.402096,127.108638,동안육교,2021
분당삼평-D-17,기타,,판교로,경기도 성남시 분당구 삼평동 618,37.404024,127.10009,국민은행 엽,2021
분당삼평-D-18,기타,,대왕판교로,경기도 성남시 분당구 삼평동 668,37.39973,127.108598,NC소프트,2022
분당삼평-D-19,기타,,동판교로,경기도 성남시 분당구 삼평동 721-1,37.40345,127.11574,판교봇들마을 3단지 후문,2023
분당삼평-A-36,기타,,동판교로,경기도 성남시 분당구 삼평동 706-2,37.405111,127.115452,송현초등학교 정문,2021
분당삼평-A-37,기타,,동판교로,경기도 성남시 분당구 삼평동 743,37.396191,127.118251,보평초등학교,2014
분당백현-D-1,지방도,23번,대왕판교로,경기도 성남시 분당구 백현동 532,37.395498,127.110364,동안교삼거리-우측,2011
분당백현-D-2,기타,,판교역로,경기도 성남시 분당구 백현동 537,37.39426,127.110366,환승주차장삼거리-상행,2011
분당백현-D-3,기타,,판교역로,경기도 성남시 분당구 백현동 530,37.394499,127.108334,환승주차장삼거리-하행,2011
분당백현-D-4,기타,,분당내곡로,경기도 성남시 분당구 백현동 534,37.39546,127.11213,광장삼거리백범초교 앞,2011
분당백현-D-5,기타,,분당내곡로,경기도 성남시 분당구 백현동 542-3,37.392714,127.11321,광장삼거리 석운고교 앞,2011
분당백현-D-6,기타,,판교역로,경기도 성남시 분당구 백현동 541,37.392795,127.112088,광장삼거리 석운고교 건너편,2011
분당백현-D-7,기타,,판교역로,경기도 성남시 분당구 백현동 541,37.392795,127.112088,보평중 북측,2011
분당백현-D-8,지방도,57번,서현로,경기도 성남시 분당구 백현동 555-1,37.391551,127.110266,보평중 서측,2011
분당백현-D-9,기타,,동판교로,경기도 성남시 분당구 백현동 551,37.388336,127.115039,백현사거리 율곡초교,2011
분당백현-D-10,지방도,23번,대왕판교로,경기도 성남시 분당구 백현동 472-271,37.37695,127.102028,국지도23호KIS건너편,2011
분당백현-D-11,기타,,판교역로,경기도 성남시 분당구 백현동 530번지,37.393799,127.109593,알파리움 국민은행 옆,2020
분당백현-D-12,기타,,판교역로,경기도 성남시 분당구 백현동567,37.385768,127.109101,백현마을 정문,2021
분당백현-D-13,기타,,판교백현로,경기도 성남시 분당구 백현동 492-25,37.3822,127.095205,더샵퍼스트파크 입구 주변,2022
분당백현-D-14,기타,,동판교로,경기도 성남시 분당구 백현동 546-6,37.38921,127.116771,성남화랑초등학교 맞은편,2024
분당백현-D-15,기타,,동판교로,경기도 성남시 분당구 백현동 544,37.394597,127.11838,보평고등학교 인근,2025
분당운중-D-1,기타,,운중로,경기도 성남시 분당구 운중동 963,37.391963,127.077417,운중주민센터사거리,2011
분당운중-D-2,기타,,운중로,경기도 성남시 분당구 운중동 944,37.391313,127.077331,운중주민센터사거리,2021
분당운중-D-3,기타,,판교대장로,경기도 성남시 분당구 대장동 84-4,37.372068,127.069349,지하주차장 출입구,2021
분당운중-D-4,기타,,판교대장로,경기도 성남시 분당구 대장동 29-1,37.371762,127.071492,클라우드베이 5차 주변,2021
분당운중-D-5,기타,,판교대장로,경기도 성남시 분당구 대장동 산13-2,37.368613,127.070169,대장중학교 정문,2021
분당운중-D-6,기타,,판교대장로,경기도 성남시 분당구 대장동 187-4,37.367721,127.070795,야외주차장 앞 사거리,2021
분당운중-D-7,기타,,판교대장로,경기도 성남시 분당구 대장동 246-1,37.365102,127.068431,야외주차장 앞 삼거리,2021
분당운중-D-8,기타,,판교대장로,경기도 성남시 분당구 대장동 236,37.3638,127.06715,디오르나인사이트A 앞 삼거리,2021
분당운중-D-9,기타,,판교대장로,경기도 성남시 분당구 대장동 239-3,37.362757,127.067293,디오르나인사이트B 앞 삼거리,2021
분당운중-A-14,기타,,산운로,경기도 성남시 분당구 운중동 892-9,37.392082,127.067911,E2-1블럭 내 운중초등학교 정면,2013
분당운중-A-61,기타,,운중로,경기도 성남시 분당구 운중동 1036-1,37.389902,127.079951,산운초등학교 후문,2014
분당운중-A-63,기타,,판교원로,경기도 성남시 분당구 운중동 927-1,37.389848,127.077935,산운초등학교 정문,2013
분당운중-A-119,기타,,판교로,경기도 성남시 분당구 운중동 927,37.38905,127.07841,산운초등학교 정문,2021
분당운중-A-120,기타,,운중로,경기도 성남시 분당구 운중동 893,37.39215,127.06807,운중초등학교 정문,2021
