시군구명,도로명,소재지도로명주소,소재지지번주소,횡단보도관리번호,횡단보도종류,고원식적용여부,위도,경도,차로수,횡단보도폭,횡단보도연장,보행자신호등유무,교통섬유무,점자블록유무,집중조명시설유무
성남시 수정구,성남대로,경기도 성남시 수정구 성남대로 1197 (수진동),경기도 성남시 수정구 수진동 4587,수정-1,1,N,37.43669,127.127883,5,8.0,50.0,Y,N,Y,
성남시 수정구,성남대로,경기도 성남시 수정구 성남대로 1227 (수진동),경기도 성남시 수정구 수진동 4538,수정-2,1,N,37.439368,127.127408,5,8.0,50.0,Y,N,Y,
성남시 수정구,성남대로,경기도 성남시 수정구 성남대로 1259 (태평동),경기도 성남시 수정구 태평동 6812,수정-3,1,N,37.442287,127.126662,5,8.0,50.0,Y,N,Y,
성남시 수정구,성남대로,경기도 성남시 수정구 성남대로 1275-1 (태평동),경기도 성남시 수정구 태평동 6795,수정-4,1,N,37.443795,127.126664,5,8.0,50.0,Y,N,Y,
성남시 수정구,성남대로,,경기도 성남시 수정구 태평동 7138,수정-5,1,N,37.44787,127.126743,5,8.0,50.0,Y,N,Y,
성남시 수정구,성남대로,,경기도 성남시 수정구 복정동 624-4,수정-6,1,N,37.450519,127.126646,5,8.0,50.0,Y,N,Y,
성남시 수정구,성남대로,,경기도 성남시 수정구 복정동 662,수정-7,1,N,37.462699,127.126446,5,8.0,50.0,Y,N,Y,
성남시 수정구,성남대로,경기도 성남시 수정구 성남대로 1414 (복정동),경기도 성남시 수정구 복정동 693,수정-8,1,N,37.456115,127.126816,5,8.0,50.0,Y,N,Y,
성남시 수정구,성남대로,,경기도 성남시 수정구 복정동 683,수정-9,1,N,37.459789,127.126443,5,8.0,50.0,Y,N,Y,
성남시 수정구,성남대로,,경기도 성남시 수정구 복정동 277,수정-10,1,N,37.465464,127.126347,5,8.0,50.0,Y,N,Y,
성남시 수정구,제일로,,경기도 성남시 수정구 수진동 4510-3,수정-11,1,N,37.435348,127.134084,2,6.0,20.0,Y,Y,Y,
성남시 수정구,제일로,경기도 성남시 수정구 제일로 111 (수진동),경기도 성남시 수정구 수진동 4417,수정-12,1,N,37.436645,127.133511,2,6.0,20.0,Y,N,Y,
성남시 수정구,제일로,경기도 성남시 수정구 제일로 124 (수진동),경기도 성남시 수정구 수진동 1289,수정-13,1,N,37.437627,127.133505,2,6.0,20.0,Y,N,Y,
성남시 수정구,제일로,경기도 성남시 수정구 제일로137번길 1 (수진동),경기도 성남시 수정구 수진동 3402,수정-14,1,N,37.438715,127.132523,2,6.0,20.0,Y,N,Y,
성남시 수정구,제일로,,경기도 성남시 수정구 태평동 3740-31,수정-15,1,N,37.443201,127.130923,2,6.0,20.0,Y,N,Y,
성남시 수정구,제일로,경기도 성남시 수정구 제일로 183 (태평동),경기도 성남시 수정구 태평동 6410,수정-16,1,N,37.442588,127.13084,4,6.0,12.0,Y,N,Y,
성남시 수정구,제일로,경기도 성남시 수정구 제일로 195 (태평동),경기도 성남시 수정구 태평동 5610,수정-17,1,N,37.443683,127.130315,2,6.0,20.0,Y,N,Y,
성남시 수정구,제일로,경기도 성남시 수정구 남문로 29 (태평동),경기도 성남시 수정구 태평동 4304,수정-18,1,N,37.445038,127.130088,2,6.0,20.0,Y,N,Y,
성남시 수정구,제일로,,경기도 성남시 수정구 테평동 5585,수정-19,1,N,37.446099,127.129347,2,6.0,20.0,Y,N,Y,
성남시 수정구,제일로,,경기도 성남시 수정구 태평동 4320,수정-20,1,N,37.446954,127.129458,2,6.0,20.0,Y,N,Y,
성남시 수정구,사송로,,경기도 성남시 수정구 둔전동 223-2,수정-21,1,N,37.427587,127.116256,2,6.0,25.0,Y,N,Y,
성남시 수정구,사송로,,경기도 성남시 수정구 사송동 620-2,수정-22,1,N,37.42013,127.117243,2,6.0,25.0,Y,N,Y,
성남시 수정구,사송로,경기도 성남시 수정구 사송로80번길 27 (사송동),경기도 성남시 수정구 사송동 521,수정-23,1,N,37.416453,127.109107,2,6.0,25.0,Y,N,Y,
성남시 수정구,사송로,,경기도 성남시 수정구 사송동 576-2,수정-24,1,N,37.415541,127.115009,2,6.0,25.0,Y,N,Y,
성남시 수정구,사송로,경기도 성남시 수정구 동판교로 364 (사송동),경기도 성남시 수정구 사송동 564,수정-25,1,N,37.414337,127.113661,2,6.0,25.0,Y,Y,Y,
성남시 수정구,사송로,,경기도 성남시 수정구 사송동331,수정-26,1,N,37.411134,127.114024,2,6.0,25.0,Y,N,Y,
성남시 수정구,수정로,,경기도 성남시 수정구 태평동7285-9,수정-27,1,N,37.440254,127.120564,3,8.0,32.0,Y,N,Y,
성남시 수정구,수정로,,경기도 성남시 수정구 태평동7285,수정-28,1,N,37.440337,127.121596,3,8.0,32.0,Y,N,Y,
성남시 수정구,수정로,,경기도 성남시 수정구 수진동 4661-4,수정-29,1,N,37.439377,127.125752,3,8.0,32.0,Y,N,Y,
성남시 수정구,수정로,경기도 성남시 수정구 제일로 165 (태평동),경기도 성남시 수정구 태평동6425,수정-30,1,N,37.441035,127.131487,3,8.0,32.0,Y,N,Y,
성남시 수정구,수정로,,경기도 성남시 수정구 태평1동 6449,수정-31,1,N,37.440438,127.130223,3,8.0,32.0,Y,N,Y,
성남시 수정구,수정로,경기도 성남시 수정구 수정로 141-1 (태평동),경기도 성남시 수정구 태평동3499,수정-32,1,N,37.442356,127.135852,3,8.0,32.0,Y,N,Y,
성남시 수정구,수정로,경기도 성남시 수정구 수정로 115-1 (태평동),경기도 성남시 수정구 태평동 3678,수정-33,1,N,37.441634,127.133244,3,8.0,32.0,Y,N,Y,
성남시 수정구,수정로,경기도 성남시 수정구 수정로 172 (신흥동),경기도 성남시 수정구 신흥동 5524,수정-34,1,N,37.442862,127.139103,3,8.0,32.0,Y,N,Y,
성남시 수정구,수정로,"경기도 성남시 수정구 수정로 201 (태평동, 신세계쉐덴)",경기도 성남시 수정구 태평동7336,수정-35,1,N,37.444286,127.141411,3,8.0,32.0,Y,N,Y,
성남시 수정구,수정로,"경기도 성남시 수정구 수정로 201 (태평동, 신세계쉐덴)",경기도 성남시 수정구 태평동7336,수정-36,1,N,37.444286,127.141411,3,8.0,32.0,Y,N,Y,
성남시 수정구,수정로,경기도 성남시 수정구 수정로 220 (신흥동),경기도 성남시 수정구 신흥동3422,수정-37,1,N,37.444756,127.144207,3,8.0,32.0,Y,N,Y,
성남시 수정구,수정로,경기도 성남시 수정구 공원로 391 (신흥동),경기도 성남시 수정구 신흥동3405,수정-38,1,N,37.445899,127.145647,3,8.0,32.0,Y,Y,Y,
성남시 수정구,수정로,경기도 성남시 수정구 수정로257번길 6 (신흥동),경기도 성남시 수정구 신흥동 74,수정-39,1,N,37.448035,127.144982,3,8.0,32.0,Y,N,Y,
성남시 수정구,수정로,,경기도 성남시 수정구 신흥동 1741-2,수정-40,1,N,37.448642,127.145871,3,8.0,32.0,Y,N,Y,
성남시 수정구,수정로,,경기도 성남시 수정구 신흥동10,수정-41,1,N,37.449919,127.146466,3,8.0,32.0,Y,N,Y,
성남시 수정구,수정로,경기도 성남시 수정구 수정남로 261 (산성동),경기도 성남시 수정구 산성동2136,수정-42,1,N,37.452213,127.150072,3,8.0,32.0,Y,Y,Y,
성남시 수정구,수정로,경기도 성남시 수정구 수정로 283 (신흥동),경기도 성남시 수정구 신흥동30,수정-43,1,N,37.450764,127.145928,3,8.0,32.0,Y,N,Y,
성남시 수정구,수정로,경기도 성남시 수정구 수정로366번길 7 (산성동),경기도 성남시 수정구 산성동6,수정-44,1,N,37.456663,127.150721,3,8.0,32.0,Y,N,Y,
성남시 수정구,수정로,경기도 성남시 수정구 수정로 지하365 (신흥동),경기도 성남시 수정구 산성동2217,수정-45,1,N,37.456525,127.149944,3,8.0,32.0,Y,N,Y,
성남시 수정구,수정로,경기도 성남시 수정구 수정로 398 (산성동),경기도 성남시 수정구 산성동4,수정-46,1,N,37.458878,127.153991,3,8.0,32.0,Y,N,Y,
성남시 수정구,수정로,경기도 성남시 수정구 수정로456번길 8 (산성동),경기도 성남시 수정구 산성동 2,수정-47,1,N,37.461437,127.154199,3,8.0,32.0,Y,Y,Y,
성남시 수정구,여수대로,,경기도 성남시 수정구 시흥동87,수정-48,1,N,37.422343,127.105362,4,8.0,35.0,Y,N,Y,
성남시 수정구,여수대로,,경기도 성남시 수정구 시흥동83-6,수정-49,1,N,37.420905,127.104023,4,8.0,35.0,Y,N,Y,
성남시 수정구,여수대로,,경기도 성남시 수정구 사송동650-10,수정-50,1,N,37.421712,127.116845,4,8.0,35.0,Y,N,Y,
성남시 수정구,탄리로,경기도 성남시 수정구 탄리로 19 (수진동),경기도 성남시 수정구 수진동1967,수정-51,1,N,37.438571,127.139028,2,6.0,16.0,Y,N,Y,
성남시 수정구,탄리로,경기도 성남시 수정구 탄리로 39 (수진동),경기도 성남시 수정구 수진동664,수정-52,1,N,37.439655,127.137201,2,6.0,16.0,Y,N,Y,
성남시 수정구,탄리로,경기도 성남시 수정구 남문로 128 (태평동),경기도 성남시 수정구 태평동7290,수정-53,1,N,37.447863,127.140886,2,6.0,16.0,Y,N,Y,
성남시 수정구,탄리로,경기도 성남시 수정구 남문로 65 (태평동),경기도 성남시 수정구 태평동3799,수정-54,1,N,37.446172,127.134059,2,6.0,16.0,Y,N,Y,
성남시 수정구,공원로,,경기도 성남시 수정구 신흥동2550,수정-55,1,N,37.442996,127.150875,4,8.0,37.0,Y,N,Y,
성남시 수정구,공원로,,경기도 성남시 수정구 신흥동2840,수정-56,1,N,37.444042,127.149669,4,8.0,37.0,Y,N,Y,
성남시 수정구,공원로,,경기도 성남시 수정구 신흥동2859,수정-57,1,N,37.444842,127.148081,4,8.0,37.0,Y,N,Y,
성남시 수정구,공원로,,경기도 성남시 수정구 신흥동1822-1,수정-58,1,N,37.445609,127.146589,4,8.0,37.0,Y,N,Y,
성남시 수정구,공원로,,경기도 성남시 수정구 신흥동119,수정-59,1,N,37.447138,127.144454,4,8.0,37.0,Y,N,Y,
성남시 수정구,공원로,,경기도 성남시 수정구 신흥동93,수정-60,1,N,37.448688,127.143081,4,8.0,37.0,Y,N,Y,
성남시 수정구,공원로,경기도 성남시 수정구 수정로271번길 13 (신흥동),경기도 성남시 수정구 신흥동47,수정-61,1,N,37.449637,127.144271,4,8.0,37.0,Y,N,Y,
성남시 수정구,공원로,경기도 성남시 수정구 공원로 432 (신흥동),경기도 성남시 수정구 신흥동89,수정-62,1,N,37.449078,127.143242,4,8.0,37.0,Y,N,Y,
성남시 수정구,공원로,,경기도 성남시 수정구 신흥동2463-1,수정-63,1,N,37.444546,127.153098,4,8.0,37.0,Y,N,Y,
성남시 수정구,산성대로,,경기도 성남시 수정구 신흥동2458,수정-64,1,N,37.445173,127.15564,5,8.0,56.0,Y,Y,Y,
성남시 수정구,산성대로,,경기도 성남시 수정구 단대동161,수정-65,1,N,37.44811,127.158287,5,8.0,56.0,Y,N,Y,
성남시 수정구,산성대로,,경기도 성남시 수정구 단대동 96,수정-66,1,N,37.445143,127.156688,5,8.0,56.0,Y,N,Y,
성남시 수정구,산성대로,경기도 성남시 수정구 산성대로 451 (단대동),경기도 성남시 수정구 단대동75,수정-67,1,N,37.453351,127.159145,5,8.0,56.0,Y,N,Y,
성남시 수정구,산성대로,,경기도 성남시 수정구 단대동 69-1,수정-68,1,N,37.454132,127.160507,5,8.0,56.0,Y,N,Y,
성남시 수정구,산성대로,,경기도 성남시 중원구 은행동 531,수정-69,1,N,37.458387,127.16466,5,8.0,56.0,Y,N,Y,
성남시 수정구,산성대로,경기도 성남시 수정구 산성대로 527 (양지동),경기도 성남시 수정구 양지동528,수정-70,1,N,37.45808,127.163837,5,8.0,56.0,Y,N,Y,
성남시 수정구,산성대로,경기도 성남시 수정구 산성대로 527 (양지동),경기도 성남시 수정구 양지동528,수정-71,1,N,37.45808,127.163837,5,8.0,56.0,Y,N,Y,
성남시 수정구,산성대로,경기도 성남시 수정구 산성대로 553 (양지동),경기도 성남시 수정구 양지동212,수정-72,1,N,37.460979,127.165147,5,8.0,56.0,Y,N,Y,
성남시 수정구,산성대로,경기도 성남시 수정구 산성대로 597 (양지동),경기도 성남시 수정구 양지동24,수정-73,1,N,37.463075,127.168952,5,8.0,56.0,Y,Y,Y,
성남시 수정구,산성대로,경기도 성남시 수정구 산성대로 597 (양지동),경기도 성남시 수정구 양지동24,수정-74,1,N,37.463075,127.168952,5,8.0,56.0,Y,N,Y,
성남시 수정구,산성대로,경기도 성남시 중원구 순환로 467 (은행동),경기도 성남시 중원구 은행동 590,수정-75,1,N,37.463172,127.170447,5,8.0,56.0,Y,N,Y,
성남시 수정구,희망로,경기도 성남시 수정구 희망로534번길 3 (산성동),경기도 성남시 수정구 산성동2137,수정-76,1,N,37.4515,127.151473,2,6.0,20.0,Y,N,Y,
성남시 수정구,희망로,경기도 성남시 수정구 희망로518번길 8 (단대동),경기도 성남시 수정구 단대동192,수정-77,1,N,37.450395,127.153923,2,6.0,20.0,Y,N,Y,
성남시 수정구,희망로,,경기도 성남시 수정구 단대동190,수정-78,1,N,37.449415,127.153209,2,6.0,20.0,Y,N,Y,
성남시 수정구,희망로,,경기도 성남시 수정구 단대동 190-11,수정-79,1,N,37.449612,127.153631,4,6.0,13.0,Y,N,Y,
성남시 수정구,희망로,경기도 성남시 수정구 희망로 496 (단대동),경기도 성남시 수정구 단대동189,수정-80,1,N,37.449115,127.154111,2,6.0,20.0,Y,N,Y,
성남시 수정구,희망로,경기도 성남시 수정구 희망로 480 (단대동),경기도 성남시 수정구 단대동183,수정-81,1,N,37.447295,127.155263,2,6.0,20.0,Y,N,Y,
성남시 수정구,희망로,경기도 성남시 수정구 희망로 477 (신흥동),경기도 성남시 수정구 신흥동2457,수정-82,1,N,37.446396,127.155393,2,6.0,20.0,Y,N,Y,
성남시 수정구,남문로,,경기도 성남시 수정구 태평동6989,수정-83,1,N,37.4405,127.129995,2,4.0,15.0,Y,N,Y,
성남시 수정구,남문로,,경기도 성남시 수정구 태평동 3752-1,수정-84,1,N,37.445341,127.133073,2,6.0,9.0,Y,N,Y,
성남시 수정구,남문로,,경기도 성남시 수정구 태평동3786-1,수정-85,1,N,37.445768,127.13356,2,4.0,15.0,Y,N,Y,
성남시 수정구,남문로,,경기도 성남시 수정구 태평동3307-73,수정-86,1,N,37.446891,127.137413,2,4.0,15.0,Y,N,Y,
성남시 수정구,남문로,경기도 성남시 수정구 남문로 112 (태평동),경기도 성남시 수정구 태평동7289,수정-87,1,N,37.447346,127.140555,2,4.0,15.0,Y,N,Y,
성남시 수정구,남문로,경기도 성남시 수정구 시민로 227 (태평동),경기도 성남시 수정구 태평동2370,수정-88,1,N,37.448079,127.14053,2,4.0,15.0,Y,N,Y,
성남시 수정구,논골로,,경기도 성남시 수정구 양지동1021,수정-89,1,N,37.456612,127.160264,2,4.0,16.0,Y,N,Y,
성남시 수정구,논골로,,경기도 성남시 수정구 양지동743-1,수정-90,1,N,37.4572,127.159671,2,4.0,16.0,Y,N,Y,
성남시 수정구,논골로,,경기도 성남시 수정구 양지동산74,수정-91,1,N,37.458569,127.158501,2,4.0,16.0,Y,N,Y,
성남시 수정구,논골로,경기도 성남시 수정구 논골로 79 (단대동),경기도 성남시 수정구 단대동10,수정-92,1,N,37.460917,127.157406,2,4.0,16.0,Y,N,Y,
성남시 수정구,논골로,,경기도 성남시 수정구 단대동4,수정-93,1,N,37.461224,127.15797,2,4.0,16.0,Y,N,Y,
성남시 수정구,탄천로,,경기도 성남시 수정구 복정동363-1,수정-94,1,N,37.466739,127.12464,2,8.0,26.0,Y,N,Y,
성남시 수정구,탄천로,,경기도 성남시 수정구 태평동6996,수정-95,1,N,37.451613,127.12148,2,8.0,26.0,Y,N,Y,
성남시 수정구,탄천로,,경기도 성남시 수정구 태평동7042,수정-96,1,N,37.447191,127.119595,2,8.0,26.0,Y,N,Y,
성남시 수정구,탄천로,,경기도 성남시 수정구 태평동7071,수정-97,1,N,37.44475,127.119413,2,8.0,26.0,Y,N,Y,
성남시 수정구,탄천로,,경기도 성남시 수정구 태평동7003-2,수정-98,1,N,37.454001,127.11881,2,8.0,26.0,Y,N,Y,
성남시 수정구,탄천로,,경기도 성남시 수정구 수진2동,수정-99,1,N,37.435935,127.119699,2,8.0,26.0,Y,N,Y,
성남시 수정구,태평로,,경기도 성남시 수정구 태평동5090,수정-100,1,N,37.448322,127.129569,2,6.0,18.0,Y,N,Y,
성남시 수정구,태평로,,경기도 성남시 수정구 태평동5090,수정-101,1,N,37.448002,127.128514,2,6.0,18.0,Y,N,Y,
성남시 수정구,태평로,경기도 성남시 수정구 태평로 10 (태평동),경기도 성남시 수정구 태평동 5104,수정-102,1,N,37.447866,127.128016,2,6.0,18.0,Y,N,Y,
성남시 수정구,달래내로,경기도 성남시 수정구 달래내로27번길 14 (금토동),경기도 성남시 수정구 금토동288-1,수정-103,1,N,37.407957,127.097869,2,4.0,20.0,Y,N,Y,
성남시 수정구,달래내로,,경기도 성남시 수정구 금토동287-5,수정-104,1,N,37.408684,127.096133,2,4.0,20.0,Y,N,Y,
성남시 수정구,달래내로,,경기도 성남시 수정구 금토동286,수정-105,1,N,37.408821,127.097219,2,4.0,20.0,Y,N,Y,
성남시 수정구,달래내로,경기도 성남시 수정구 달래내로27번길 14 (금토동),경기도 성남시 수정구 금토동288-7,수정-106,1,N,37.408518,127.094483,2,4.0,20.0,Y,N,Y,
성남시 수정구,달래내로,,경기도 성남시 수정구 금토동57,수정-107,1,N,37.417472,127.081451,2,4.0,20.0,Y,N,Y,
성남시 수정구,청계산로,,경기도 성남시 수정구 고등동 497-17,수정-108,1,N,37.428462,127.093606,2,4.0,21.0,Y,N,Y,
성남시 수정구,청계산로,,경기도 성남시 수정구 고등동산34-9,수정-109,1,N,37.42904,127.091527,2,4.0,21.0,Y,N,Y,
성남시 수정구,청계산로,,경기도 성남시 수정구 상적동95-2,수정-110,1,N,37.43374,127.084473,2,4.0,21.0,Y,N,Y,
성남시 수정구,청계산로,,경기도 성남시 수정구 상적동 산14-1,수정-111,1,N,37.432637,127.081578,2,4.0,21.0,Y,N,Y,
성남시 수정구,청계산로,,경기도 성남시 수정구 상적동 173-4,수정-112,1,N,37.430539,127.073164,2,4.0,21.0,Y,N,Y,
성남시 수정구,청계산로,,경기도 성남시 수정구 상적동 173-5,수정-113,1,N,37.430511,127.071672,2,4.0,21.0,Y,N,Y,
성남시 수정구,시민로,경기도 성남시 수정구 시민로 141 (신흥동),경기도 성남시 수정구 신흥동4510,수정-114,1,N,37.440848,127.143765,2,4.0,20.0,Y,N,Y,
성남시 수정구,시민로,경기도 성남시 수정구 시민로 155 (신흥동),경기도 성남시 수정구 신흥동4517,수정-115,1,N,37.441881,127.143272,2,4.0,20.0,Y,N,Y,
성남시 수정구,대왕판교로,,경기도 성남시 수정구 신촌동 119-4,수정-116,1,N,37.459904,127.107417,4,8.0,44.0,Y,N,Y,
성남시 수정구,대왕판교로,,경기도 성남시 수정구 신촌동 109-5,수정-117,1,N,37.457934,127.107575,4,8.0,44.0,Y,N,Y,
성남시 수정구,대왕판교로,,경기도 성남시 수정구 오야동 227-1,수정-118,1,N,37.455376,127.106956,4,8.0,44.0,Y,N,Y,
성남시 수정구,대왕판교로,,경기도 성남시 수정구 심곡동 260-17,수정-119,1,N,37.449567,127.10522,4,8.0,44.0,Y,N,Y,
성남시 수정구,대왕판교로,,경기도 성남시 수정구 심곡동 220-13,수정-120,1,N,37.448233,127.104853,4,8.0,44.0,Y,N,Y,
성남시 수정구,대왕판교로,,경기도 성남시 수정구 심곡동 211-7,수정-121,1,N,37.446105,127.10372,4,8.0,44.0,Y,N,Y,
성남시 수정구,대왕판교로,,경기도 성남시 수정구 심곡동 209-7,수정-122,1,N,37.444886,127.103599,4,8.0,44.0,Y,N,Y,
성남시 수정구,대왕판교로,,경기도 성남시 수정구 고등동 94-1,수정-123,1,N,37.438213,127.10407,4,8.0,44.0,Y,N,Y,
성남시 수정구,대왕판교로,경기도 성남시 수정구 대왕판교로 1210 (심곡동),경기도 성남시 수정구 고등동 1,수정-124,1,N,37.437519,127.10628,4,8.0,44.0,Y,N,Y,
성남시 수정구,대왕판교로,,경기도 성남시 수정구 고등동 282-2,수정-125,1,N,37.432696,127.103341,4,8.0,44.0,Y,N,Y,
성남시 수정구,대왕판교로,,경기도 성남시 수정구 고등동 319-7,수정-126,1,N,37.430745,127.102187,4,8.0,44.0,Y,Y,Y,
성남시 수정구,대왕판교로,,경기도 성남시 수정구 고등동 419,수정-127,1,N,37.42937,127.101966,4,8.0,44.0,Y,N,Y,
성남시 수정구,대왕판교로,,경기도 성남시 수정구 고등동 429-1,수정-128,1,N,37.424982,127.102295,4,8.0,44.0,Y,N,Y,
성남시 수정구,대왕판교로,경기도 성남시 수정구 대왕판교로 942 (시흥동),경기도 성남시 수정구 시흥동 191,수정-129,1,N,37.424184,127.102765,4,8.0,44.0,Y,N,Y,
성남시 수정구,대왕판교로,,경기도 성남시 수정구 시흥동 208-1,수정-130,1,N,37.422858,127.102427,4,8.0,44.0,Y,Y,Y,
성남시 수정구,대왕판교로,경기도 성남시 수정구 대왕판교로 897 (시흥동),경기도 성남시 수정구 시흥동 223,수정-131,1,N,37.420335,127.101799,4,8.0,44.0,Y,N,Y,
성남시 수정구,대왕판교로,,경기도 성남시 수정구 시흥동 230,수정-132,1,N,37.416267,127.101543,4,8.0,44.0,Y,N,Y,
성남시 수정구,대왕판교로,경기도 성남시 수정구 달래내로 29 (금토동),경기도 성남시 수정구 금토동 293-1,수정-133,1,N,37.412276,127.099739,4,8.0,44.0,Y,N,Y,
성남시 수정구,대왕판교로,,경기도 성남시 수정구 금토동 273-35,수정-134,1,N,37.41022,127.098979,4,8.0,44.0,Y,Y,Y,
성남시 수정구,단대로,,경기도 성남시 수정구 단대동 108,수정-135,1,N,37.452502,127.158116,2,8.0,23.0,Y,N,Y,
성남시 수정구,산성대로437번길,,경기도 성남시 수정구 단대동 108,수정-136,1,N,37.450991,127.158794,2,8.0,23.0,Y,N,Y,
성남시 수정구,단대로23번길,,경기도 성남시 수정구 단대동 108,수정-137,1,N,37.451534,127.156804,2,8.0,23.0,Y,N,Y,
성남시 수정구,산성대로437번길,,경기도 성남시 수정구 단대동 108,수정-138,1,N,37.451335,127.157559,2,8.0,23.0,Y,N,Y,
성남시 중원구,둔촌대로,,경기도 성남시 중원구 상대원동 434,중원-1,1,N,37.43163,127.179041,6,3.0,18.0,Y,N,Y,
성남시 중원구,둔촌대로,,경기도 성남시 중원구 상대원동 500-2,중원-2,1,N,37.432056,127.173432,8,3.0,24.0,Y,N,Y,
성남시 중원구,둔촌대로,,경기도 성남시 중원구 상대원동 513-11,중원-3,1,N,37.431287,127.171782,8,3.0,24.0,Y,N,Y,
성남시 중원구,둔촌대로,경기도 성남시 중원구 둔촌대로 456 (상대원동),경기도 성남시 중원구 상대원동 546,중원-4,1,N,37.430585,127.167182,7,3.0,21.0,Y,Y,Y,
성남시 중원구,둔촌대로,,경기도 성남시 중원구 상대원동 517-13,중원-5,1,N,37.432874,127.167488,4,3.0,12.0,Y,Y,Y,
성남시 중원구,둔촌대로,경기도 성남시 중원구 둔촌대로 423 (상대원동),경기도 성남시 중원구 상대원동 1613,중원-6,1,N,37.43318,127.164079,1,5.8,5.8,N,N,Y,
성남시 중원구,둔촌대로,경기도 성남시 중원구 희망로 308 (상대원동),경기도 성남시 중원구 상대원동 1974,중원-7,1,N,37.433774,127.159894,11,3.0,33.0,Y,Y,Y,
성남시 중원구,둔촌대로,,경기도 성남시 중원구 하대원동 224-1,중원-8,1,N,37.432409,127.1573,11,3.0,33.0,Y,N,Y,
성남시 중원구,둔촌대로,경기도 성남시 중원구 둔촌대로 332 (하대원동),경기도 성남시 중원구 하대원동 240-4,중원-9,1,N,37.429927,127.154979,4,3.0,12.0,Y,Y,Y,
성남시 중원구,둔촌대로,"경기도 성남시 중원구 둔촌대로 300 (하대원동, 아튼빌아파트)",경기도 성남시 중원구 하대원동 249,중원-10,1,N,37.429078,127.149759,12,3.0,36.0,Y,N,Y,
성남시 중원구,둔촌대로,경기도 성남시 중원구 시민로11번길 27 (하대원동),경기도 성남시 중원구 하대원동 131,중원-11,1,N,37.430403,127.148446,9,3.0,27.0,Y,N,Y,
성남시 중원구,둔촌대로,경기도 성남시 중원구 둔촌대로 255 (하대원동),경기도 성남시 중원구 하대원동 128,중원-12,1,N,37.429212,127.146239,8,3.0,24.0,Y,N,Y,
성남시 중원구,둔촌대로,경기도 성남시 중원구 둔촌대로 240 (하대원동),경기도 성남시 중원구 하대원동 146,중원-13,1,N,37.428009,127.14493,2,3.0,6.0,N,N,Y,
성남시 중원구,둔촌대로,,경기도 성남시 중원구 하대원동 148,중원-14,1,N,37.427959,127.141697,10,3.0,30.0,Y,Y,Y,
성남시 중원구,둔촌대로,"경기도 성남시 중원구 둔촌대로 193 (성남동, 현대아파트)",경기도 성남시 중원구 성남동 3121,중원-15,1,N,37.429254,127.140983,8,3.0,24.0,Y,N,Y,
성남시 중원구,둔촌대로,경기도 성남시 중원구 둔촌대로 163 (성남동),경기도 성남시 중원구 성남동 3790,중원-16,1,N,37.429855,127.136793,8,3.0,24.0,Y,N,Y,
성남시 중원구,둔촌대로,경기도 성남시 중원구 둔촌대로 147 (성남동),경기도 성남시 중원구 성남동 3944,중원-17,1,N,37.429319,127.135191,6,3.0,18.0,Y,N,Y,
성남시 중원구,둔촌대로,경기도 성남시 중원구 둔촌대로 124 (하대원동),경기도 성남시 중원구 하대원동 103,중원-18,1,N,37.428609,127.132694,7,3.0,21.0,Y,N,Y,
성남시 중원구,둔촌대로,경기도 성남시 중원구 둔촌대로 118 (하대원동),경기도 성남시 중원구 하대원동 102,중원-19,1,N,37.428528,127.132382,7,3.0,21.0,Y,N,Y,
성남시 중원구,광명로,,경기도 성남시 중원구 금광동 2613,중원-20,1,N,37.447537,127.171375,4,3.0,12.0,Y,N,Y,
성남시 중원구,광명로,경기도 성남시 중원구 광명로 396 (금광동),경기도 성남시 중원구 금광동 2412,중원-21,2,N,37.446254,127.170236,5,3.0,15.0,Y,Y,Y,
성남시 중원구,광명로,경기도 성남시 중원구 금빛로 52 (금광동),경기도 성남시 중원구 금광동 2401,중원-22,1,N,37.446554,127.167657,6,3.0,18.0,Y,N,Y,
성남시 중원구,광명로,경기도 성남시 중원구 광명로 345 (금광동),경기도 성남시 중원구 금광동 3657,중원-23,1,N,37.446271,127.164017,5,3.0,15.0,Y,N,Y,
성남시 중원구,광명로,경기도 성남시 중원구 광명로323번길 3 (금광동),경기도 성남시 중원구 금광동 3703,중원-24,1,N,37.44544,127.161652,6,3.0,18.0,Y,N,Y,
성남시 중원구,광명로,경기도 성남시 중원구 광명로 304 (금광동),경기도 성남시 중원구 금광동 345,중원-25,1,N,37.444259,127.160009,2,3.0,6.0,Y,N,Y,
성남시 중원구,광명로,"경기도 성남시 중원구 광명로 287 (금광동, 청솔타운)",경기도 성남시 중원구 금광동 9,중원-26,1,N,37.444203,127.15801,5,3.0,15.0,Y,N,Y,
성남시 중원구,광명로,경기도 성남시 중원구 산성대로350번길 10-1 (중앙동),경기도 성남시 중원구 중앙동 180,중원-27,1,N,37.443135,127.155588,4,3.0,12.0,Y,N,Y,
성남시 중원구,광명로,경기도 성남시 중원구 광명로 236 (중앙동),경기도 성남시 중원구 중앙동 2375,중원-28,1,N,37.441741,127.153095,5,3.0,15.0,Y,N,Y,
성남시 중원구,광명로,,경기도 성남시 중원구 중앙동 2594,중원-29,1,N,37.440664,127.150432,2,3.0,6.0,Y,N,Y,
성남시 중원구,광명로,경기도 성남시 중원구 광명로 181-1 (중앙동),경기도 성남시 중원구 중앙동 1102,중원-30,1,N,37.439586,127.147585,2,3.0,6.0,Y,N,Y,
성남시 중원구,광명로,,경기도 성남시 중원구 중앙동 3361,중원-31,2,N,37.438426,127.14534,4,3.0,12.0,Y,N,Y,
성남시 중원구,광명로,경기도 성남시 중원구 광명로 119 (성남동),경기도 성남시 중원구 성남동 2161,중원-32,2,N,37.436603,127.14167,3,3.0,9.0,Y,N,Y,
성남시 중원구,광명로,,경기도 성남시 중원구 성남동 2186,중원-33,1,N,37.436053,127.140509,2,3.0,6.0,Y,N,Y,
성남시 중원구,광명로,경기도 성남시 중원구 광명로100번길 3 (성남동),경기도 성남시 중원구 성남동 2488,중원-34,1,N,37.435375,127.140122,3,3.0,9.0,Y,N,Y,
성남시 중원구,광명로,경기도 성남시 중원구 광명로 81 (성남동),경기도 성남시 중원구 성남동 2251,중원-35,1,N,37.434763,127.138118,3,3.0,9.0,Y,N,Y,
성남시 중원구,광명로,경기도 성남시 중원구 광명로 49-1 (성남동),경기도 성남시 중원구 성남동 3132,중원-36,1,N,37.434132,127.134569,4,3.0,12.0,Y,N,Y,
성남시 중원구,광명로,경기도 성남시 광명로 309번길 1,경기도 성남시 중원구 금광동 4849,중원-37,1,N,37.444914,127.160438,1,3.0,9.0,N,N,N,
성남시 중원구,산성대로,경기도 성남시 중원구 산성대로 346 (중앙동),경기도 성남시 중원구 중앙동 149,중원-38,1,N,37.4436,127.154994,10,3.0,30.0,Y,N,Y,
성남시 중원구,산성대로,경기도 성남시 중원구 산성대로 332 (중앙동),경기도 성남시 중원구 중앙동 307,중원-39,1,N,37.442886,127.153579,10,3.0,30.0,Y,N,Y,
성남시 중원구,산성대로,경기도 성남시 수정구 산성대로 313 (신흥동),경기도 성남시 수정구 신흥동 2471,중원-40,1,N,37.442625,127.151301,10,3.0,30.0,Y,Y,Y,
성남시 중원구,산성대로,경기도 성남시 중원구 산성대로 300 (중앙동),경기도 성남시 중원구 중앙동 541,중원-41,1,N,37.441484,127.150242,10,3.0,30.0,Y,Y,Y,
성남시 중원구,산성대로,경기도 성남시 중원구 산성대로 242-1 (성남동),경기도 성남시 중원구 성남동 2001,중원-42,1,N,37.439212,127.14466,9,3.0,27.0,Y,Y,Y,
성남시 중원구,산성대로,경기도 성남시 중원구 산성대로 204 (성남동),경기도 성남시 중원구 성남동 2144,중원-43,1,N,37.437192,127.141188,9,3.0,27.0,Y,Y,Y,
성남시 중원구,산성대로,경기도 성남시 수정구 모란로 1 (수진동),경기도 성남시 수정구 수진동 4795,중원-44,1,N,37.433823,127.128422,6,3.0,18.0,Y,Y,Y,
성남시 중원구,산성대로,경기도 성남시 중원구 산성대로 72 (성남동),경기도 성남시 중원구 성남동 4349,중원-45,1,N,37.43294,127.127237,6,3.0,18.0,Y,N,Y,
성남시 중원구,산성대로,,경기도 성남시 수정구 수진동 4690-7,중원-46,1,N,37.432898,127.119473,4,3.0,12.0,Y,Y,Y,
성남시 중원구,순환로,,경기도 성남시 중원구 상대원동 344-5,중원-47,1,N,37.433778,127.177885,3,3.0,9.0,Y,N,Y,
성남시 중원구,순환로,,경기도 성남시 중원구 상대원동 369-3,중원-48,1,N,37.43598,127.178593,4,3.0,12.0,Y,N,Y,
성남시 중원구,순환로,,경기도 성남시 중원구 상대원동 197-6,중원-49,1,N,37.438398,127.179101,4,3.0,12.0,Y,N,Y,
성남시 중원구,순환로,"경기도 성남시 중원구 순환로 188 (상대원동, 궁전아파트)",경기도 성남시 중원구 상대원동 179,중원-50,1,N,37.440005,127.18009,4,3.0,12.0,Y,N,Y,
성남시 중원구,순환로,경기도 성남시 중원구 순환로198번길 8 (상대원동),경기도 성남시 중원구 상대원동 178,중원-51,1,N,37.441188,127.180159,4,3.0,12.0,Y,N,Y,
성남시 중원구,사기막골길,,경기도 성남시 중원구 상대원동 307,중원-52,1,N,37.434979,127.170342,6,3.0,18.0,Y,N,Y,
성남시 중원구,사기막골길,,경기도 성남시 중원구 상대원동 353-34,중원-53,1,N,37.437327,127.173713,6,3.0,18.0,Y,Y,Y,
성남시 중원구,사기막골길,,경기도 성남시 중원구 상대원동 206-4,중원-54,1,N,37.439291,127.176567,6,3.0,18.0,Y,N,Y,
성남시 중원구,사기막골길,경기도 성남시 중원구 사기막골로 148 (상대원동),경기도 성남시 중원구 상대원동 171,중원-55,1,N,37.441313,127.177737,6,3.0,18.0,Y,Y,Y,
성남시 중원구,사기막골길,경기도 성남시 중원구 사기막골로193번길,,중원-56,1,N,37.445417,127.179803,2,4.0,18.0,N,N,N,
성남시 중원구,사기막골길,,경기도 성남시 중원구 상대원1동 133-2,중원-57,1,N,37.443396,127.177415,2,4.0,18.0,N,N,N,
성남시 중원구,금빛길,,경기도 성남시 중원구 상대원동 269-1,중원-58,1,N,37.442664,127.170371,5,3.0,15.0,Y,N,Y,
성남시 중원구,금빛길,,경기도 성남시 중원구 금광동 1944,중원-59,1,N,37.445083,127.168311,6,3.0,18.0,Y,N,Y,
성남시 중원구,금빛길,"경기도 성남시 중원구 금빛로 77 (금광동, 다세대주택)",경기도 성남시 중원구 금광동 2961,중원-60,1,N,37.448805,127.166436,3,3.0,9.0,Y,N,Y,
성남시 중원구,황송길,경기도 성남시 중원구 황송로 25 (금광동),경기도 성남시 중원구 금광동 2414,중원-61,1,N,37.446603,127.171643,4,3.0,12.0,Y,N,Y,
성남시 중원구,황송길,경기도 성남시 중원구 황송로 35 (금광동),경기도 성남시 중원구 금광동 2422,중원-62,1,N,37.44764,127.172563,4,3.0,12.0,Y,Y,Y,
성남시 중원구,황송길,경기도 성남시 중원구 황송로77번길 5 (금광동),경기도 성남시 중원구 금광동 2537,중원-63,1,N,37.449144,127.173177,4,3.0,12.0,Y,N,Y,
성남시 중원구,금상로,경기도 성남시 중원구 금상로 98 (상대원동),경기도 성남시 중원구 상대원동 669,중원-64,1,N,37.442373,127.166115,2,3.0,6.0,Y,N,Y,
성남시 중원구,금상로,경기도 성남시 중원구 금상로118번길 16-1 (상대원동),경기도 성남시 중원구 상대원동 656,중원-65,1,N,37.441937,127.166673,2,3.0,6.0,Y,N,Y,
성남시 중원구,금상로,,경기도 성남시 중원구 상대원동 2992-1,중원-66,1,N,37.440459,127.162386,2,3.0,6.0,Y,N,Y,
성남시 중원구,희망로,"경기도 성남시 중원구 희망로 412 (금광동, 단남아파트)",경기도 성남시 중원구 금광동 92,중원-67,1,N,37.44221,127.160232,5,3.0,15.0,Y,N,Y,
성남시 중원구,희망로,,경기도 성남시 중원구 상대원동 2989-5,중원-68,1,N,37.44093,127.160113,5,3.0,15.0,Y,Y,Y,
성남시 중원구,희망로,,경기도 성남시 중원구 상대원동 3001-5,중원-69,1,N,37.440032,127.159338,4,3.0,12.0,Y,N,Y,
성남시 중원구,희망로,,경기도 성남시 중원구 상대원동 4128,중원-70,1,N,37.436495,127.15798,4,3.0,12.0,Y,N,Y,
성남시 중원구,희망로,경기도 성남시 중원구 희망로 331 (상대원동),경기도 성남시 중원구 상대원동 4756,중원-71,1,N,37.435361,127.157958,4,3.0,12.0,Y,N,Y,
성남시 중원구,희망로,,경기도 성남시 중원구 도촌동 87-1,중원-72,1,N,37.417156,127.14992,6,3.0,18.0,Y,N,Y,
성남시 중원구,희망로,,경기도 성남시 중원구 도촌동 408-5,중원-73,1,N,37.41542,127.147813,5,3.0,15.0,Y,Y,Y,
성남시 중원구,시민로,경기도 성남시 중원구 시민로 95 (성남동),경기도 성남시 중원구 성남동 2816,중원-74,1,N,37.437053,127.146091,4,3.0,12.0,Y,N,Y,
성남시 중원구,시민로,,경기도 성남시 중원구 성남동 2835,중원-75,1,N,37.435603,127.147084,6,3.0,18.0,Y,N,Y,
성남시 중원구,시민로,경기도 성남시 중원구 시민로 65 (성남동),경기도 성남시 중원구 성남동 2852,중원-76,1,N,37.434716,127.14769,4,3.0,12.0,Y,N,Y,
성남시 중원구,시민로,"경기도 성남시 중원구 시민로28번길 9 (하대원동, 현대그린)",경기도 성남시 중원구 하대원동 176,중원-77,1,N,37.433031,127.150897,4,3.0,12.0,Y,N,Y,
성남시 중원구,시민로,경기도 성남시 중원구 둔촌대로293번길 10 (하대원동),경기도 성남시 중원구 하대원동 134,중원-78,1,N,37.43079,127.150435,4,3.0,12.0,Y,N,Y,
성남시 중원구,자혜로,,경기도 성남시 중원구 은행동 2027,중원-79,1,N,37.452838,127.172116,2,3.0,6.0,Y,Y,Y,
성남시 중원구,자혜로,경기도 성남시 중원구 금빛로 101 (금광동),경기도 성남시 중원구 금광동 2876,중원-80,2,N,37.450707,127.165736,3,3.0,9.0,Y,N,Y,
성남시 중원구,자혜로,경기도 성남시 중원구 자혜로 34 (금광동),경기도 성남시 중원구 금광동 3362,중원-81,1,N,37.450192,127.163322,2,3.0,6.0,Y,N,Y,
성남시 중원구,자혜로,경기도 성남시 중원구 자혜로 16번길 63,경기도 성남시 중원구 금광동 3738,중원-82,1,N,37.445008,127.159214,1,3.0,9.0,N,N,N,
성남시 중원구,나눔길,경기도 성남시 중원구 산성대로476번길 8 (금광동),경기도 성남시 중원구 금광동 4847,중원-83,1,N,37.453618,127.161719,2,3.0,6.0,Y,N,Y,
성남시 중원구,제일로,,경기도 성남시 중원구 하대원동 449-7,중원-84,1,N,37.428237,127.137873,6,3.0,18.0,Y,Y,Y,
성남시 중원구,성남대로,,경기도 성남시 중원구 여수동 279-5,중원-85,1,N,37.421394,127.128688,10,3.0,30.0,Y,Y,Y,
성남시 중원구,성남대로,,경기도 성남시 중원구 성남동 1855,중원-86,1,N,37.429875,127.129399,10,3.0,30.0,Y,Y,Y,
성남시 중원구,성남대로,경기도 성남시 중원구 성남대로 1151 (성남동),경기도 성남시 중원구 성남동 4145,중원-87,1,N,37.432663,127.128707,3,3.0,9.0,Y,N,Y,
성남시 중원구,뚝방길,경기도 성남시 중원구 둔촌대로 10 (성남동),경기도 성남시 중원구 성남동 4596,중원-88,1,N,37.42891,127.120148,4,3.0,12.0,Y,N,Y,
성남시 중원구,뚝방길,,경기도 성남시 중원구 성남동 1764,중원-89,1,N,37.430332,127.118888,4,3.0,12.0,Y,Y,Y,
성남시 중원구,보통골길,,경기도 성남시 중원구 상대원동 252-4,중원-90,1,N,37.434977,127.173775,4,3.0,12.0,Y,N,Y,
성남시 중원구,보통골길,,경기도 성남시 중원구 상대원동 307-6,중원-91,1,N,37.434217,127.170965,4,3.0,12.0,Y,N,Y,
성남시 중원구,장승1길,,경기도 성남시 중원구 상대원동 270-2,중원-92,1,N,37.441089,127.171416,4,3.0,12.0,Y,N,Y,
성남시 중원구,장승1길,,경기도 성남시 중원구 상대원동 144-3,중원-93,1,N,37.440629,127.172581,3,3.0,9.0,Y,N,Y,
성남시 중원구,선경길,,경기도 성남시 중원구 상대원동 269-10,중원-94,1,N,37.442156,127.170581,5,3.0,15.0,Y,N,Y,
성남시 중원구,원터길,경기도 성남시 중원구 원터로94번길 7 (성남동),경기도 성남시 중원구 성남동 2580,중원-95,1,N,37.436255,127.143559,1,3.0,3.0,N,N,N,
성남시 중원구,도촌초입길,경기도 성남시 중원구 마지로 284 (갈현동),경기도 성남시 중원구 갈현동 524,중원-96,1,N,37.419965,127.157175,2,3.0,6.0,Y,N,N,
성남시 중원구,도촌남로,경기도 성남시 중원구 도촌로7번길 3-17 (도촌동),경기도 성남시 중원구 도촌동 515,중원-97,1,N,37.414854,127.148675,5,3.0,15.0,Y,N,Y,
성남시 중원구,도촌남로,경기도 성남시 중원구 도촌남로 22-1 (도촌동),경기도 성남시 중원구 도촌동 506,중원-98,1,N,37.413898,127.149773,5,3.0,15.0,Y,N,Y,
성남시 중원구,도촌남로,경기도 성남시 중원구 도촌남로 37 (도촌동),경기도 성남시 중원구 도촌동 568,중원-99,1,N,37.414621,127.151646,5,3.0,15.0,Y,N,Y,
성남시 중원구,도촌남로,경기도 성남시 중원구 도촌남로 68 (도촌동),경기도 성남시 중원구 도촌동 638,중원-100,1,N,37.414154,127.154815,5,3.0,15.0,Y,N,Y,
성남시 중원구,도촌남로,경기도 성남시 중원구 도촌남로 99 (도촌동),경기도 성남시 중원구 도촌동 646,중원-101,1,N,37.414728,127.158,4,3.0,12.0,Y,N,Y,
성남시 중원구,도촌남로,경기도 성남시 중원구 도촌남로 99 (도촌동),경기도 성남시 중원구 도촌동 646,중원-102,2,N,37.414728,127.158,3,3.0,9.0,Y,N,Y,
성남시 중원구,도촌남로,경기도 성남시 중원구 도촌남로 99 (도촌동),경기도 성남시 중원구 도촌동 646,중원-103,1,Y,37.414728,127.158,2,3.0,6.0,Y,N,Y,
성남시 중원구,도촌로,경기도 성남시 중원구 도촌로7번길 4-12 (도촌동),경기도 성남시 중원구 도촌동 548,중원-104,1,N,37.41567,127.150424,4,3.0,12.0,Y,N,Y,
성남시 중원구,도촌북로,경기도 성남시 중원구 도촌로31번길 3 (도촌동),경기도 성남시 중원구 도촌동 630,중원-105,1,N,37.417008,127.150762,5,3.0,15.0,Y,N,Y,
성남시 중원구,도촌북로,경기도 성남시 중원구 도촌북로 30 (도촌동),경기도 성남시 중원구 도촌동 636,중원-106,1,N,37.416862,127.153274,5,3.0,15.0,Y,N,Y,
성남시 중원구,도촌북로,경기도 성남시 중원구 도촌북로 43 (도촌동),경기도 성남시 중원구 도촌동 631,중원-107,1,N,37.417625,127.154589,3,3.0,9.0,Y,N,Y,
성남시 중원구,도촌북로,경기도 성남시 중원구 도촌북로 92 (도촌동),경기도 성남시 중원구 도촌동 647,중원-108,1,N,37.415141,127.159085,3,3.0,9.0,Y,N,Y,
성남시 중원구,도촌북로,"경기도 성남시 중원구 도촌남로 148 (도촌동, 휴먼시아섬마을9단지아파트)",경기도 성남시 중원구 도촌동 708,중원-109,1,N,37.412107,127.163409,3,3.0,9.0,Y,N,Y,
성남시 중원구,마지로,경기도 성남시 중원구 순암로 787 (갈현동),경기도 성남시 중원구 갈현동 112,중원-110,1,N,37.418731,127.183515,3,3.0,9.0,Y,N,Y,
성남시 중원구,마지로,경기도 성남시 중원구 순암로 800 (갈현동),경기도 성남시 중원구 갈현동 122,중원-111,1,N,37.420932,127.183103,2,3.0,6.0,Y,N,Y,
성남시 중원구,마지로,경기도 성남시 중원구 순암로 800 (갈현동),경기도 성남시 중원구 갈현동 122,중원-112,1,N,37.420932,127.183103,2,3.0,6.0,Y,N,Y,
성남시 중원구,마지로,경기도 성남시 중원구 둔촌대로 106 (하대원동),경기도 성남시 중원구 하대원동 101,중원-113,1,N,37.429152,127.130612,3,3.0,9.0,N,N,Y,
성남시 중원구,마지로,경기도 성남시 중원구 둔촌대로 124 (하대원동),경기도 성남시 중원구 하대원동 103,중원-114,1,N,37.428609,127.132694,3,3.0,9.0,N,N,Y,
성남시 중원구,마지로,경기도 성남시 중원구 둔촌대로 134 (하대원동),경기도 성남시 중원구 하대원동 104,중원-115,1,N,37.428704,127.133713,3,3.0,9.0,N,N,Y,
성남시 중원구,마지로,경기도 성남시 중원구 둔촌대로 156-5 (하대원동),경기도 성남시 중원구 하대원동 109,중원-116,1,N,37.4287,127.136238,3,3.0,9.0,N,N,Y,
성남시 중원구,광명로264번길,경기도 성남시 중원구 광명로264번길 9 (중앙동),경기도 성남시 중원구 중앙동 709,중원-117,1,N,37.44267,127.156547,2,3.0,6.0,N,N,Y,
성남시 중원구,사색길,"경기도 성남시 중원구 시민로66번길 21 (중앙동, 중앙동힐스테이트1차)",경기도 성남시 중원구 중앙동 578,중원-118,1,N,37.436438,127.150501,5,3.0,15.0,Y,N,Y,
성남시 중원구,시청앞길,경기도 성남시 중원구 성남대로997번길 7 (여수동),경기도 성남시 중원구 여수동 182,중원-119,1,N,37.418555,127.127775,5,3.0,15.0,Y,N,Y,
성남시 중원구,시청앞길,경기도 성남시 중원구 성남대로997번길 27-2 (여수동),경기도 성남시 중원구 여수동 219,중원-120,1,N,37.418578,127.12554,5,3.0,15.0,Y,N,Y,
성남시 중원구,시청앞길,경기도 성남시 중원구 성남대로997번길 51 (여수동),경기도 성남시 중원구 여수동 249,중원-121,1,N,37.417457,127.124777,4,3.0,12.0,Y,N,Y,
성남시 중원구,여수울로,경기도 성남시 중원구 여수울로15번길 4-2 (여수동),경기도 성남시 중원구 여수동 402,중원-122,1,N,37.418953,127.130775,5,3.0,15.0,Y,N,Y,
성남시 중원구,여수울로,경기도 성남시 중원구 여수울로15번길 4-16 (여수동),경기도 성남시 중원구 여수동 426,중원-123,1,Y,37.418952,127.132254,4,3.0,12.0,Y,N,Y,
성남시 중원구,여수울로,경기도 성남시 중원구 여수울로 49 (여수동),경기도 성남시 중원구 여수동 578,중원-124,1,N,37.419025,127.13463,4,3.0,12.0,Y,N,Y,
성남시 중원구,여수울로,"경기도 성남시 중원구 여수울로 50 (여수동, 연꽃마을 아파트)",경기도 성남시 중원구 여수동 601,중원-125,1,N,37.418389,127.134923,5,3.0,15.0,Y,N,Y,
성남시 중원구,여수울로,경기도 성남시 중원구 여수울로 80 (여수동),경기도 성남시 중원구 여수동 587,중원-126,1,N,37.417566,127.137519,4,3.0,12.0,Y,N,Y,
성남시 중원구,은이로,경기도 성남시 중원구 은이로 11 (은행동),경기도 성남시 중원구 은행동 2474,중원-127,1,N,37.45758,127.165819,4,3.0,12.0,N,N,Y,
성남시 중원구,은이로,경기도 성남시 중원구 은이로 21 (은행동),경기도 성남시 중원구 은행동 2476,중원-128,1,N,37.457089,127.166519,4,3.0,12.0,Y,N,Y,
성남시 중원구,은이로,경기도 성남시 중원구 은이로 36 (은행동),경기도 성남시 중원구 은행동 1308,중원-129,1,N,37.456086,127.167601,3,3.0,9.0,Y,N,Y,
성남시 중원구,은이로,"경기도 성남시 중원구 은행로 22-1 (은행동, 선경빌라)",경기도 성남시 중원구 은행동 1815,중원-130,1,N,37.454649,127.164254,2,3.0,6.0,Y,Y,Y,
성남시 중원구,은이로,경기도 성남시 중원구 은행로5번길 2 (은행동),경기도 성남시 중원구 은행동 1700,중원-131,1,N,37.454872,127.162615,2,3.0,6.0,Y,N,Y,
성남시 중원구,산성대로58번길,,경기도 성남시 중원구 성남동 4488-1,중원-132,1,N,37.430764,127.12638,3,3.0,9.0,Y,N,Y,
성남시 중원구,산성대로,경기도 성남시 중원구 산성대로 372번길 9,경기도 성남시 중원구 금광동 4359,중원-133,1,N,37.445161,127.158109,1,3.0,7.0,N,N,N,
성남시 중원구,산성대로,경기도 성남시 중원구 산성대로 372번길 5,경기도 성남시 중원구 금광동 4360,중원-134,1,N,37.445171,127.157841,1,3.0,5.0,N,N,N,
성남시 중원구,산성대로,경기도 성남시 중원구 산성대로 372번길 10,경기도 성남시 중원구 금광동 10,중원-135,1,N,37.444674,127.158062,1,3.0,17.0,N,N,N,
성남시 중원구,산성대로,경기도 성남시 중원구 산성대로 372번길 14,경기도 성남시 중원구 금광동 11,중원-136,1,N,37.444751,127.158591,1,3.0,4.0,N,N,N,
성남시 분당구,성남대로,,경기도 성남시 분당구 야탑동 487-1,분당-1,1,N,37.415879,127.12877,10,8.0,32.0,Y,Y,Y,N
성남시 분당구,성남대로,,경기도 성남시 분당구 야탑동 359-3,분당-2,1,N,37.41307,127.12848,10,8.0,32.0,Y,N,Y,N
성남시 분당구,성남대로,경기도 성남시 분당구 성남대로925번길 16 (야탑동),경기도 성남시 분당구 야탑동 341,분당-3,1,N,37.41309,127.127281,10,8.0,32.0,Y,N,Y,Y
성남시 분당구,성남대로,,경기도 성남시 분당구 야탑동 540-1,분당-4,1,N,37.40875,127.128389,10,8.0,32.0,Y,N,Y,N
성남시 분당구,성남대로,,경기도 성남시 분당구 이매동 127-3,분당-5,1,N,37.400835,127.128194,10,8.0,32.0,Y,N,Y,N
성남시 분당구,성남대로,,경기도 성남시 분당구 이매동 127-7,분당-6,1,N,37.392361,127.127942,10,8.0,32.0,Y,Y,Y,Y
성남시 분당구,성남대로,,경기도 성남시 분당구 서현동 266-1,분당-7,1,N,37.383028,127.121484,10,8.0,32.0,Y,N,Y,Y
성남시 분당구,성남대로,,경기도 성남시 분당구 수내동 66,분당-8,1,N,37.376256,127.121325,10,8.0,32.0,Y,N,Y,N
성남시 분당구,성남대로,,경기도 성남시 분당구 정자동 79-1,분당-9,1,N,37.373914,127.110573,10,8.0,32.0,Y,N,Y,Y
성남시 분당구,성남대로,,경기도 성남시 분당구 정자동 79-1,분당-10,1,N,37.373914,127.110573,10,8.0,32.0,Y,N,Y,N
성남시 분당구,성남대로,,경기도 성남시 분당구 정자동 95-1,분당-11,1,N,37.366184,127.108063,10,8.0,32.0,Y,Y,Y,Y
성남시 분당구,성남대로,,경기도 성남시 분당구 정자동 17-2,분당-12,1,N,37.36814,127.107253,10,8.0,32.0,Y,N,Y,N
성남시 분당구,성남대로,,경기도 성남시 분당구 정자동 95-1,분당-13,1,N,37.366158,127.108063,10,8.0,32.0,Y,N,Y,Y
성남시 분당구,성남대로,,경기도 성남시 분당구 정자동 168-1,분당-14,1,N,37.362506,127.107546,10,8.0,32.0,Y,N,Y,N
성남시 분당구,성남대로,,경기도 성남시 분당구 정자동 169-1,분당-15,1,N,37.360889,127.107614,10,8.0,32.0,Y,N,Y,N
성남시 분당구,성남대로,,경기도 성남시 분당구 금곡동 127,분당-16,1,N,37.355536,127.109027,10,8.0,32.0,Y,N,Y,N
성남시 분당구,성남대로,,경기도 성남시 분당구 금곡동 129,분당-17,1,N,37.354235,127.109196,10,8.0,32.0,Y,N,Y,N
성남시 분당구,성남대로,,경기도 성남시 분당구 구미동 9-1,분당-18,1,N,37.349283,127.108276,10,8.0,32.0,Y,N,Y,N
성남시 분당구,성남대로,,경기도 성남시 분당구 구미동 21-3,분당-19,1,N,37.346586,127.109229,10,8.0,32.0,Y,N,Y,N
성남시 분당구,성남대로,,경기도 성남시 분당구 구미동 149-3,분당-20,1,N,37.343979,127.109243,10,8.0,32.0,Y,N,Y,N
성남시 분당구,성남대로,,경기도 성남시 분당구 구미동 173-3,분당-21,1,N,37.342854,127.106961,10,8.0,32.0,Y,N,Y,N
성남시 분당구,성남대로,경기도 성남시 분당구 성남대로 57 (구미동),경기도 성남시 분당구 구미동 154,분당-22,1,N,37.341319,127.108067,10,8.0,32.0,Y,N,Y,N
성남시 분당구,성남대로,경기도 성남시 분당구 성남대로43번길 11 (구미동),경기도 성남시 분당구 구미동 174,분당-23,1,N,37.338765,127.106677,10,8.0,32.0,Y,N,Y,N
성남시 분당구,성남대로,경기도 성남시 분당구 성남대로43번길 11 (구미동),경기도 성남시 분당구 구미동 174,분당-24,1,N,37.338765,127.106677,10,8.0,32.0,Y,N,Y,N
성남시 분당구,성남대로,경기도 성남시 분당구 성남대로43번길 11 (구미동),경기도 성남시 분당구 구미동 174,분당-25,1,N,37.338765,127.106677,10,8.0,32.0,Y,N,Y,Y
성남시 분당구,돌마로,,경기도 성남시 분당구 야탑동 327-1,분당-26,1,N,37.415501,127.137441,7,8.0,23.0,Y,N,Y,N
성남시 분당구,돌마로,"경기도 성남시 분당구 장미로 193 (야탑동, 매화마을주공4단지아파트)",경기도 성남시 분당구 야탑동 211,분당-27,1,N,37.41319,127.140993,7,8.0,23.0,Y,N,Y,Y
성남시 분당구,돌마로,,경기도 성남시 분당구 야탑동 264-4,분당-28,1,N,37.408997,127.143252,7,8.0,23.0,Y,N,Y,N
성남시 분당구,돌마로,,경기도 성남시 분당구 야탑동 168-1,분당-29,1,N,37.407482,127.142199,7,8.0,23.0,Y,N,Y,N
성남시 분당구,돌마로,,경기도 성남시 분당구 서현동 107-2,분당-30,1,N,37.382218,127.137877,7,8.0,23.0,Y,N,Y,N
성남시 분당구,돌마로,,경기도 성남시 분당구 서현동 346-2,분당-31,1,N,37.37858,127.136667,7,8.0,23.0,Y,N,Y,N
성남시 분당구,돌마로,,경기도 성남시 분당구 서현동 298-3,분당-32,1,N,37.376981,127.133437,2,4.0,8.0,Y,Y,Y,N
성남시 분당구,돌마로,,경기도 성남시 분당구 분당동 58-1,분당-33,1,N,37.374442,127.129516,8,8.0,26.0,Y,N,Y,N
성남시 분당구,돌마로,,경기도 성남시 분당구 수내동 66,분당-34,1,N,37.376256,127.121325,8,8.0,26.0,Y,N,Y,N
성남시 분당구,돌마로,,경기도 성남시 분당구 수내동 124-1,분당-35,1,N,37.369102,127.12206,2,4.0,8.0,Y,Y,Y,N
성남시 분당구,돌마로,,경기도 성남시 분당구 수내동 68-2,분당-36,1,N,37.369386,127.121612,8,8.0,26.0,Y,N,Y,N
성남시 분당구,돌마로,,경기도 성남시 분당구 정자동 255-1,분당-37,1,N,37.362359,127.119347,8,8.0,26.0,Y,N,Y,Y
성남시 분당구,돌마로,,경기도 성남시 분당구 정자동 255-3,분당-38,1,N,37.360078,127.119349,9,8.0,29.0,Y,N,Y,N
성남시 분당구,돌마로,경기도 성남시 분당구 돌마로 172 (정자동),경기도 성남시 분당구 정자동 217,분당-39,1,N,37.354223,127.12098,8,8.0,26.0,Y,N,Y,N
성남시 분당구,돌마로,,경기도 성남시 분당구 금곡동 138,분당-40,1,N,37.352814,127.116429,8,8.0,26.0,Y,N,Y,Y
성남시 분당구,돌마로,,경기도 성남시 분당구 금곡동 139,분당-41,1,N,37.351707,127.115456,9,8.0,29.0,Y,N,Y,N
성남시 분당구,돌마로,,경기도 성남시 분당구 구미동 69,분당-42,1,N,37.350251,127.114797,7,8.0,23.0,Y,N,Y,N
성남시 분당구,돌마로,,경기도 성남시 분당구 구미동 19,분당-43,1,N,37.346685,127.106299,10,8.0,32.0,Y,N,Y,N
성남시 분당구,분당수서로,"경기도 성남시 분당구 정자일로 248 (정자동, 파크뷰)",경기도 성남시 분당구 정자동 6,분당-44,1,N,37.375676,127.107715,6,8.0,20.0,Y,N,Y,N
성남시 분당구,분당수서로,,경기도 성남시 분당구 정자동 162-1,분당-45,1,N,37.362939,127.105017,7,8.0,23.0,Y,N,Y,N
성남시 분당구,분당수서로,,경기도 성남시 분당구 정자동 178-1,분당-46,1,N,37.359519,127.10522,6,8.0,20.0,Y,N,Y,N
성남시 분당구,분당수서로,,경기도 성남시 분당구 구미동 173-6,분당-47,1,N,37.342594,127.103967,6,8.0,20.0,Y,N,Y,N
성남시 분당구,분당수서로,,경기도 성남시 분당구 구미동 173-1,분당-48,1,N,37.340502,127.103986,6,8.0,20.0,Y,N,Y,N
성남시 분당구,분당수서로,경기도 성남시 분당구 성남대로43번길 11 (구미동),경기도 성남시 분당구 구미동 174,분당-49,1,N,37.338765,127.106677,6,8.0,20.0,Y,Y,Y,N
성남시 분당구,분당수서로,,경기도 성남시 분당구 구미동 173-11,분당-50,1,N,37.33692,127.107082,7,8.0,23.0,Y,N,Y,Y
성남시 분당구,양현로,,경기도 성남시 분당구 야탑동 327-5,분당-51,99,N,37.41411,127.142027,5,8.0,17.0,Y,N,Y,Y
성남시 분당구,양현로,"경기도 성남시 분당구 양현로 507 (야탑동, 매화마을주공3단지아파트)",경기도 성남시 분당구 야탑동 205,분당-52,1,N,37.415425,127.138017,5,8.0,17.0,Y,N,Y,Y
성남시 분당구,양현로,"경기도 성남시 분당구 매화로 92 (야탑동, 매화마을주공1단지아파트)",경기도 성남시 분당구 야탑동 201,분당-53,1,N,37.416269,127.134655,4,6.0,14.0,Y,N,Y,Y
성남시 분당구,양현로,,경기도 성남시 분당구 야탑동 327-1,분당-54,1,N,37.415501,127.137441,4,6.0,14.0,Y,N,Y,N
성남시 분당구,양현로,경기도 성남시 분당구 양현로 442 (야탑동),경기도 성남시 분당구 야탑동 336,분당-55,1,N,37.416129,127.131281,5,8.0,17.0,Y,N,Y,Y
성남시 분당구,양현로,,경기도 성남시 분당구 야탑동 487-2,분당-56,1,N,37.415687,127.122594,6,8.0,20.0,Y,N,Y,Y
성남시 분당구,양현로,"경기도 성남시 분당구 장미로 55 (야탑동, 장미마을)",경기도 성남시 분당구 야탑동 331,분당-57,1,N,37.415223,127.124358,6,8.0,20.0,Y,N,Y,Y
성남시 분당구,양현로,,경기도 성남시 분당구 야탑동 344-1,분당-58,1,N,37.413197,127.123286,5,8.0,17.0,Y,N,Y,N
성남시 분당구,양현로,,경기도 성남시 분당구 야탑동 345-1,분당-59,1,N,37.411792,127.123969,4,6.0,14.0,Y,N,Y,Y
성남시 분당구,양현로,경기도 성남시 분당구 양현로 262 (야탑동),경기도 성남시 분당구 야탑동 531,분당-60,99,N,37.407326,127.126613,4,6.0,14.0,Y,N,Y,N
성남시 분당구,양현로,경기도 성남시 분당구 양현로 194 (이매동),경기도 성남시 분당구 이매동 102,분당-61,1,N,37.401929,127.12607,4,6.0,14.0,Y,N,Y,N
성남시 분당구,양현로,,경기도 성남시 분당구 이매동 129-10,분당-62,1,N,37.40104,127.125267,6,8.0,20.0,Y,N,Y,N
성남시 분당구,양현로,경기도 성남시 분당구 양현로 146 (이매동),경기도 성남시 분당구 이매동 112,분당-63,99,N,37.39721,127.126493,4,6.0,14.0,Y,N,Y,Y
성남시 분당구,양현로,"경기도 성남시 분당구 이매로 54 (이매동, 이매촌성지아파트)",경기도 성남시 분당구 이매동 116,분당-64,1,N,37.393806,127.125842,6,8.0,20.0,Y,N,Y,Y
성남시 분당구,양현로,경기도 성남시 분당구 양현로 104 (이매동),경기도 성남시 분당구 이매동 118,분당-65,99,N,37.393154,127.125982,4,6.0,14.0,Y,N,Y,Y
성남시 분당구,양현로,,경기도 성남시 분당구 이매동 119,분당-66,1,N,37.392346,127.124986,5,8.0,17.0,Y,N,Y,Y
성남시 분당구,양현로,,경기도 성남시 분당구 서현동 259-3,분당-67,1,N,37.387226,127.1205,4,6.0,14.0,Y,N,Y,N
성남시 분당구,양현로,,경기도 성남시 분당구 서현동 259-1,분당-68,1,N,37.387226,127.1205,4,6.0,14.0,Y,N,Y,N
성남시 분당구,서현로,,경기도 성남시 분당구 이매동 149-2,분당-69,1,N,37.391351,127.120898,3,6.0,11.0,Y,Y,Y,Y
성남시 분당구,서현로,,경기도 성남시 분당구 이매동 127-10,분당-70,1,N,37.389535,127.123507,8,8.0,26.0,Y,N,Y,Y
성남시 분당구,서현로,,경기도 성남시 분당구 이매동 127-10,분당-71,1,N,37.389535,127.123507,9,8.0,29.0,Y,N,Y,N
성남시 분당구,서현로,,경기도 성남시 분당구 이매동 127-9,분당-72,1,N,37.388319,127.124899,7,8.0,23.0,Y,N,Y,N
성남시 분당구,서현로,,경기도 성남시 분당구 이매동 127-8,분당-73,1,N,37.388712,127.127759,7,8.0,23.0,Y,Y,Y,Y
성남시 분당구,서현로,,경기도 성남시 분당구 서현동 99-1,분당-74,1,N,37.383911,127.131278,4,6.0,14.0,Y,Y,Y,N
성남시 분당구,서현로,,경기도 성남시 분당구 서현동 283-1,분당-75,1,N,37.384277,127.128695,8,8.0,26.0,Y,N,Y,N
성남시 분당구,서현로,"경기도 성남시 분당구 중앙공원로 54 (서현동, 시범단지우성아파트)",경기도 성남시 분당구 서현동 96,분당-76,1,N,37.381176,127.130339,6,8.0,20.0,Y,N,Y,N
성남시 분당구,서현로,,경기도 성남시 분당구 서현동 346-3,분당-77,1,N,37.377022,127.138411,8,8.0,26.0,Y,N,Y,Y
성남시 분당구,서현로,,경기도 성남시 분당구 서현동 345-2,분당-78,1,N,37.374669,127.141347,8,8.0,26.0,Y,N,Y,Y
성남시 분당구,서현로,경기도 성남시 분당구 장안로 70 (분당동),경기도 성남시 분당구 분당동 114,분당-79,1,N,37.371421,127.146686,5,8.0,17.0,Y,N,Y,N
성남시 분당구,서현로,,경기도 성남시 분당구 분당동 195-1,분당-80,1,N,37.370254,127.14754,7,8.0,23.0,Y,N,Y,Y
성남시 분당구,서현로,경기도 성남시 분당구 서현로 498 (분당동),경기도 성남시 분당구 분당동 132,분당-81,1,N,37.369518,127.147845,8,8.0,26.0,Y,N,Y,N
성남시 분당구,분당로,,경기도 성남시 분당구 서현동 288-2,분당-82,1,N,37.388776,127.11893,8,8.0,26.0,Y,Y,Y,Y
성남시 분당구,분당로,경기도 성남시 분당구 분당로 23 (서현동),경기도 성남시 분당구 서현동 277,분당-83,1,N,37.3853,127.118804,9,8.0,29.0,Y,N,Y,N
성남시 분당구,분당로,,경기도 성남시 분당구 서현동 267-3,분당-84,1,N,37.384071,127.120268,9,8.0,29.0,Y,N,Y,N
성남시 분당구,분당로,,경기도 성남시 분당구 서현동 266-2,분당-85,1,N,37.383055,127.121484,6,8.0,20.0,Y,N,Y,N
성남시 분당구,분당로,,경기도 성남시 분당구 서현동 289-2,분당-86,1,N,37.377316,127.133374,7,8.0,23.0,Y,N,Y,N
성남시 분당구,분당로,경기도 성남시 분당구 분당로 196 (분당동),경기도 성남시 분당구 분당동 36,분당-87,1,N,37.373689,127.131262,6,8.0,20.0,Y,N,Y,Y
성남시 분당구,분당로,"경기도 성남시 분당구 불정로 361 (서현동, 효자촌삼환아파트)",경기도 성남시 분당구 서현동 301,분당-88,1,N,37.373813,127.13328,8,8.0,26.0,Y,N,Y,Y
성남시 분당구,분당로,경기도 성남시 분당구 분당로 271 (분당동),경기도 성남시 분당구 분당동 72,분당-89,1,N,37.369458,127.138148,6,8.0,20.0,Y,N,Y,N
성남시 분당구,분당로,,경기도 성남시 분당구 분당동 195-7,분당-90,1,N,37.367474,127.140862,4,6.0,14.0,Y,N,Y,N
성남시 분당구,분당로,,경기도 성남시 분당구 분당동 173-1,분당-91,1,N,37.366078,127.142124,4,6.0,14.0,Y,N,Y,Y
성남시 분당구,분당로,,경기도 성남시 분당구 분당동 192-3,분당-92,1,N,37.367114,127.145571,4,6.0,14.0,Y,N,Y,N
성남시 분당구,분당로,,경기도 성남시 분당구 분당동 192-2,분당-93,1,N,37.368082,127.14698,4,6.0,14.0,Y,N,Y,N
성남시 분당구,수내로,,경기도 성남시 분당구 수내동 45,분당-94,1,N,37.384986,127.115393,11,8.0,35.0,Y,Y,Y,Y
성남시 분당구,수내로,,경기도 성남시 분당구 수내동 4-1,분당-95,1,N,37.381376,127.11655,8,8.0,26.0,Y,N,Y,N
성남시 분당구,수내로,,경기도 성남시 분당구 수내동 4-4,분당-96,1,N,37.380787,127.117141,6,8.0,20.0,Y,N,Y,Y
성남시 분당구,수내로,"경기도 성남시 분당구 내정로 186 (수내동, 파크타운대림아파트)",경기도 성남시 분당구 수내동 51,분당-97,1,N,37.373514,127.121887,8,8.0,26.0,Y,N,Y,Y
성남시 분당구,수내로,경기도 성남시 분당구 수내로192번길 12 (수내동),경기도 성남시 분당구 수내동 78,분당-98,1,N,37.370989,127.12619,6,8.0,20.0,Y,N,Y,Y
성남시 분당구,불정로,,경기도 성남시 분당구 서현동 306-2,분당-99,1,N,37.373978,127.136847,6,8.0,20.0,Y,N,Y,N
성남시 분당구,불정로,"경기도 성남시 분당구 불정로 361 (서현동, 효자촌삼환아파트)",경기도 성남시 분당구 서현동 301,분당-100,1,N,37.373813,127.13328,6,8.0,20.0,Y,N,Y,N
성남시 분당구,불정로,"경기도 성남시 분당구 예원로 7 (분당동, 동아빌라)",경기도 성남시 분당구 분당동 45,분당-101,1,N,37.371345,127.133568,7,8.0,23.0,Y,N,Y,N
성남시 분당구,불정로,"경기도 성남시 분당구 수내로 201 (분당동, 샛별마을삼부아파트)",경기도 성남시 분당구 분당동 39,분당-102,1,N,37.371469,127.129753,8,8.0,26.0,Y,N,Y,N
성남시 분당구,불정로,경기도 성남시 분당구 불정로 274 (수내동),경기도 성남시 분당구 수내동 86,분당-103,1,N,37.367687,127.128196,7,8.0,23.0,Y,N,Y,Y
성남시 분당구,불정로,,경기도 성남시 분당구 수내동 83-1,분당-104,1,N,37.36719,127.126749,7,8.0,23.0,Y,N,Y,N
성남시 분당구,불정로,경기도 성남시 분당구 불정로 253 (수내동),경기도 성남시 분당구 수내동 85,분당-105,1,N,37.366759,127.126269,7,8.0,23.0,Y,N,Y,N
성남시 분당구,불정로,경기도 성남시 분당구 발이봉남로4번길 12 (수내동),경기도 성남시 분당구 수내동 99,분당-106,1,N,37.364609,127.124797,7,8.0,23.0,Y,N,Y,N
성남시 분당구,불정로,"경기도 성남시 분당구 불정로 219 (정자동, 한솔마을청구아파트)",경기도 성남시 분당구 정자동 110,분당-107,1,N,37.364696,127.123339,7,8.0,23.0,Y,N,Y,N
성남시 분당구,불정로,"경기도 성남시 분당구 불정로 195 (정자동, 정든마을우성6단지아파트)",경기도 성남시 분당구 정자동 198,분당-108,1,N,37.362549,127.121556,7,8.0,23.0,Y,N,Y,Y
성남시 분당구,불정로,,경기도 성남시 분당구 정자동 219-4,분당-109,1,N,37.359293,127.122737,6,8.0,20.0,Y,N,Y,Y
성남시 분당구,불정로,경기도 성남시 분당구 불정로 64 (정자동),경기도 성남시 분당구 정자동 205,분당-110,1,N,37.359494,127.111735,6,8.0,20.0,Y,N,Y,Y
성남시 분당구,내정로,,경기도 성남시 분당구 수내동 28-1,분당-111,1,N,37.374022,127.119494,7,8.0,23.0,Y,N,Y,N
성남시 분당구,내정로,"경기도 성남시 분당구 내정로 151 (수내동, 양지마을금호3단지한양5단지아파트)",경기도 성남시 분당구 수내동 27,분당-112,1,N,37.373475,127.118598,7,8.0,23.0,Y,N,Y,N
성남시 분당구,내정로,,경기도 성남시 분당구 정자동 79-11,분당-113,1,N,37.371909,127.115891,8,8.0,26.0,Y,N,Y,N
성남시 분당구,내정로,"경기도 성남시 분당구 내정로 94 (정자동, 한솔마을주공7단지아파트)",경기도 성남시 분당구 정자동 101,분당-114,1,N,37.367387,127.115509,6,8.0,20.0,Y,N,Y,N
성남시 분당구,내정로,"경기도 성남시 분당구 내정로 54 (정자동, 한솔마을주공6단지아파트)",경기도 성남시 분당구 정자동 117,분당-115,1,N,37.363852,127.116154,6,8.0,20.0,Y,N,Y,N
성남시 분당구,내정로,"경기도 성남시 분당구 내정로 54 (정자동, 한솔마을주공6단지아파트)",경기도 성남시 분당구 정자동 117,분당-116,1,N,37.363852,127.116154,8,8.0,26.0,Y,N,Y,N
성남시 분당구,내정로,,경기도 성남시 분당구 정자동 132-1,분당-117,1,N,37.361541,127.114516,7,8.0,23.0,Y,N,Y,Y
성남시 분당구,내정로,"경기도 성남시 분당구 내정로 10 (정자동, 정든마을한진7단지아파트)",경기도 성남시 분당구 정자동 194,분당-118,1,N,37.36085,127.115905,7,8.0,23.0,Y,N,Y,N
성남시 분당구,탄천로,경기도 성남시 분당구 탄천로 257 (야탑동),경기도 성남시 분당구 야탑동 403,분당-119,1,N,37.414824,127.118561,4,6.0,14.0,Y,N,Y,N
성남시 분당구,탄천로,경기도 성남시 분당구 탄천로 215 (야탑동),경기도 성남시 분당구 야탑동 486,분당-120,1,N,37.411791,127.120513,6,8.0,20.0,Y,N,Y,N
성남시 분당구,탄천로,경기도 성남시 분당구 탄천로 215 (야탑동),경기도 성남시 분당구 야탑동 486,분당-121,1,N,37.411791,127.120513,6,8.0,20.0,Y,N,Y,Y
성남시 분당구,탄천로,"경기도 성남시 분당구 야탑로 20 (야탑동, 탑마을선경아파트)",경기도 성남시 분당구 야탑동 536,분당-122,1,N,37.408336,127.122853,4,6.0,14.0,Y,N,Y,Y
성남시 분당구,탄천로,"경기도 성남시 분당구 판교로 430 (이매동, 아름마을건영한성태영아파트)",경기도 성남시 분당구 이매동 132,분당-123,1,N,37.405179,127.12082,4,6.0,14.0,Y,N,Y,Y
성남시 분당구,탄천로,경기도 성남시 분당구 탄천로 97 (이매동),경기도 성남시 분당구 이매동 136,분당-124,1,N,37.402184,127.122403,4,6.0,14.0,Y,N,Y,Y
성남시 분당구,탄천로,,경기도 성남시 분당구 이매동 137-6,분당-125,1,N,37.399468,127.123279,6,8.0,20.0,Y,N,Y,N
성남시 분당구,탄천로,"경기도 성남시 분당구 탄천로 59 (이매동, 아름마을풍림아파트)",경기도 성남시 분당구 이매동 140,분당-126,1,N,37.398291,127.121195,5,8.0,17.0,Y,N,Y,N
성남시 분당구,탄천로,경기도 성남시 분당구 탄천로 49 (이매동),경기도 성남시 분당구 이매동 145,분당-127,1,N,37.396798,127.123369,4,6.0,14.0,Y,N,Y,Y
성남시 분당구,탄천로,"경기도 성남시 분당구 이매로 16 (이매동, 아름마을효성아파트)",경기도 성남시 분당구 이매동 143,분당-128,1,N,37.393458,127.121646,6,8.0,20.0,Y,N,Y,Y
성남시 분당구,탄천상로,,경기도 성남시 분당구 구미동 173-2,분당-129,1,N,37.342897,127.105214,6,8.0,20.0,Y,N,Y,N
성남시 분당구,탄천상로,경기도 성남시 분당구 탄천상로 95 (구미동),경기도 성남시 분당구 구미동 181,분당-130,1,N,37.339858,127.111299,5,8.0,17.0,Y,N,Y,N
성남시 분당구,탄천상로,,경기도 성남시 분당구 구미동 197-13,분당-131,1,N,37.335873,127.110398,5,8.0,17.0,Y,N,Y,N
성남시 분당구,성남대로54번길,경기도 성남시 분당구 탄천상로 95 (구미동),경기도 성남시 분당구 구미동 181,분당-132,1,N,37.339858,127.111299,4,6.0,14.0,Y,N,Y,N
성남시 분당구,정자일로,"경기도 성남시 분당구 정자일로 248 (정자동, 파크뷰)",경기도 성남시 분당구 정자동 6,분당-133,1,N,37.375676,127.107715,6,8.0,20.0,Y,N,Y,Y
성남시 분당구,정자일로,"경기도 성남시 분당구 정자일로 239 (정자동, 아이파크분당1)",경기도 성남시 분당구 정자동 9,분당-134,1,N,37.371268,127.105593,4,6.0,14.0,Y,N,Y,N
성남시 분당구,정자일로,,경기도 성남시 분당구 정자동 16-2,분당-135,1,N,37.36803,127.105521,4,6.0,14.0,Y,N,Y,N
성남시 분당구,정자일로,경기도 성남시 분당구 정자일로 177 (정자동),경기도 성남시 분당구 정자동24,분당-136,2,N,37.366154,127.105415,4,6.0,14.0,Y,N,Y,N
성남시 분당구,정자일로,경기도 성남시 분당구 정자일로 177 (정자동),경기도 성남시 분당구 정자동24,분당-137,2,N,37.366154,127.105415,6,8.0,20.0,Y,N,Y,N
성남시 분당구,정자일로,경기도 성남시 분당구 정자일로 145 (정자동),경기도 성남시 분당구 정자동 163,분당-138,1,N,37.363021,127.10559,6,8.0,20.0,Y,N,Y,N
성남시 분당구,정자일로,,경기도 성남시 분당구 정자동 178-1,분당-139,1,N,37.359519,127.10522,6,8.0,20.0,Y,N,Y,N
성남시 분당구,정자일로,,경기도 성남시 분당구 정자동 178-5,분당-140,99,N,37.358334,127.105671,7,8.0,23.0,Y,N,Y,N
성남시 분당구,정자일로,,경기도 성남시 분당구 정자동 178-6,분당-141,1,N,37.357394,127.105118,4,6.0,14.0,Y,N,Y,N
성남시 분당구,정자일로,,경기도 성남시 분당구 금곡동 183,분당-142,1,N,37.355144,127.106403,4,6.0,14.0,Y,N,Y,Y
성남시 분당구,정자일로,"경기도 성남시 분당구 정자일로 46 (금곡동, 청솔마을화인아파트)",경기도 성남시 분당구 금곡동 180,분당-143,1,N,37.35448,127.106316,4,6.0,14.0,Y,N,Y,N
성남시 분당구,정자일로,경기도 성남시 분당구 정자일로 45 (금곡동),경기도 성남시 분당구 금곡동 196,분당-144,1,N,37.353825,127.104946,7,8.0,23.0,Y,N,Y,N
성남시 분당구,정자일로,,경기도 성남시 분당구 금곡동 175,분당-145,2,N,37.351539,127.106651,5,8.0,17.0,Y,N,Y,Y
성남시 분당구,불정로23번길,,경기도 성남시 분당구 정자동 166-1,분당-146,1,N,37.36251,127.106555,4,6.0,14.0,Y,N,Y,Y
성남시 분당구,미금일로,"경기도 성남시 분당구 미금일로 58 (구미동, 까치마을롯데, 선경아파트)",경기도 성남시 분당구 구미동 63,분당-147,1,N,37.347268,127.11312,4,6.0,14.0,Y,N,Y,Y
성남시 분당구,야탑로,,경기도 성남시 분당구 야탑동 537-1,분당-148,1,N,37.408486,127.12137,5,8.0,17.0,Y,N,Y,Y
성남시 분당구,야탑로,,경기도 성남시 분당구 야탑동 537-7,분당-149,1,N,37.408818,127.122825,6,8.0,20.0,Y,N,Y,Y
성남시 분당구,야탑로,경기도 성남시 분당구 야탑로 64 (야탑동),경기도 성남시 분당구 야탑동 502,분당-150,1,N,37.409502,127.125979,6,8.0,20.0,Y,N,Y,Y
성남시 분당구,야탑로,경기도 성남시 분당구 야탑로 64 (야탑동),경기도 성남시 분당구 야탑동 502,분당-151,1,N,37.409503,127.125979,5,8.0,17.0,Y,N,Y,N
성남시 분당구,야탑로,,경기도 성남시 분당구 야탑동 516,분당-152,1,N,37.409522,127.131027,6,8.0,20.0,Y,N,Y,Y
성남시 분당구,야탑로,"경기도 성남시 분당구 야탑로 125 (야탑동, 아이파크)",경기도 성남시 분당구 야탑동 391,분당-153,1,N,37.40982,127.132424,5,8.0,17.0,Y,N,Y,N
성남시 분당구,야탑로,"경기도 성남시 분당구 매화로 12 (야탑동, 탑마을주공8단지아파트)",경기도 성남시 분당구 야탑동 518,분당-154,1,N,37.409351,127.135309,6,8.0,20.0,Y,N,Y,Y
성남시 분당구,야탑로,"경기도 성남시 분당구 매화로 12 (야탑동, 탑마을주공8단지아파트)",경기도 성남시 분당구 야탑동 518,분당-155,1,N,37.409339,127.135309,4,6.0,14.0,Y,N,Y,Y
성남시 분당구,야탑로,,경기도 성남시 분당구 야탑동 197-12,분당-156,1,N,37.408844,127.13797,5,8.0,17.0,Y,N,Y,Y
성남시 분당구,야탑로,"경기도 성남시 분당구 벌말로 10 (야탑동, 목련마을 아파트)",경기도 성남시 분당구 야탑동 165,분당-157,1,N,37.409151,127.138719,4,6.0,14.0,Y,N,Y,Y
성남시 분당구,야탑로,,경기도 성남시 분당구 야탑동 264-3,분당-158,1,N,37.408774,127.142516,4,6.0,14.0,Y,N,Y,Y
성남시 분당구,야탑로,,경기도 성남시 분당구 야탑동 175-1,분당-159,2,N,37.40725,127.145888,4,6.0,14.0,Y,N,Y,Y
성남시 분당구,야탑로,"경기도 성남시 분당구 야탑로271번길 7 (야탑동, 목련마을자영빌라)",경기도 성남시 분당구 야탑동 177,분당-160,1,N,37.406698,127.147795,4,6.0,14.0,Y,N,Y,Y
성남시 분당구,야탑로,,경기도 성남시 분당구 야탑동 134-1,분당-161,1,N,37.407488,127.155406,4,6.0,14.0,Y,N,Y,Y
성남시 분당구,미금로,"경기도 성남시 분당구 미금로 216 (금곡동, 청솔마을주공9단지아파트)",경기도 성남시 분당구 금곡동 133,분당-162,99,N,37.351974,127.114489,7,8.0,23.0,Y,N,Y,Y
성남시 분당구,미금로,"경기도 성남시 분당구 미금로 216 (금곡동, 청솔마을주공9단지아파트)",경기도 성남시 분당구 금곡동 133,분당-163,99,N,37.351937,127.114489,6,8.0,20.0,Y,N,Y,Y
성남시 분당구,미금로,"경기도 성남시 분당구 미금로 177 (구미동, 까치마을신원아파트)",경기도 성남시 분당구 구미동 66,분당-164,1,N,37.349656,127.11405,6,8.0,20.0,Y,N,Y,Y
성남시 분당구,미금로,"경기도 성남시 분당구 미금일로 21 (구미동, 하얀마을)",경기도 성남시 분당구 구미동 110,분당-165,1,N,37.345994,127.117817,6,8.0,20.0,Y,N,Y,Y
성남시 분당구,미금로,경기도 성남시 분당구 미금로 121 (구미동),경기도 성남시 분당구 구미동 115,분당-166,1,N,37.344353,127.115379,7,8.0,23.0,Y,N,Y,Y
성남시 분당구,미금로,,경기도 성남시 분당구 구미동 198-1,분당-167,99,N,37.342857,127.113595,6,8.0,20.0,Y,N,Y,N
성남시 분당구,미금로,,경기도 성남시 분당구 구미동 302,분당-168,1,N,37.339488,127.113566,8,8.0,26.0,Y,N,Y,N
성남시 분당구,미금로,"경기도 성남시 분당구 미금로 66 (구미동, 무지개마을주공4단지아파트)",경기도 성남시 분당구 구미동 220,분당-169,1,N,37.339809,127.116695,8,8.0,26.0,Y,N,Y,Y
성남시 분당구,미금로,,경기도 성남시 분당구 구미동 203-1,분당-170,1,N,37.337815,127.115684,6,8.0,20.0,Y,N,Y,N
성남시 분당구,미금로,,경기도 성남시 분당구 구미동 205-5,분당-171,1,N,37.336867,127.116747,7,8.0,23.0,Y,N,Y,N
성남시 분당구,미금로,"경기도 성남시 분당구 미금로 23 (구미동, 무지개마을대림아파트)",경기도 성남시 분당구 구미동 211,분당-172,1,N,37.335467,127.115825,6,8.0,20.0,Y,N,Y,N
성남시 분당구,미금로,,경기도 성남시 분당구 구미동 214,분당-173,1,N,37.334285,127.119861,5,8.0,17.0,Y,N,Y,N
성남시 분당구,미금로,경기도 성남시 분당구 미금로 151,경기도 성남시 분당구 구미동 68,분당-174,2,N,37.34742,127.1153,7,4.0,40.0,Y,N,Y,
성남시 분당구,미금일로70번길,"경기도 성남시 분당구 미금일로 58 (구미동, 까치마을롯데, 선경아파트)",경기도 성남시 분당구 구미동 63,분당-175,1,N,37.347268,127.11312,2,4.0,8.0,Y,N,Y,N
성남시 분당구,구미로,경기도 성남시 분당구 구미로 8 (구미동),경기도 성남시 분당구 구미동 188,분당-176,1,N,37.337658,127.109745,7,8.0,23.0,Y,N,Y,N
성남시 분당구,구미로,,경기도 성남시 분당구 구미동 193-3,분당-177,1,N,37.336718,127.11195,8,8.0,26.0,Y,N,Y,N
성남시 분당구,구미로,"경기도 성남시 분당구 구미로 50 (구미동, 무지개마을LG아파트)",경기도 성남시 분당구 구미동 202,분당-178,1,N,37.33747,127.113406,8,8.0,26.0,Y,N,Y,N
성남시 분당구,구미로,"경기도 성남시 분당구 무지개로 144 (구미동, 무지개마을청구아파트)",경기도 성남시 분당구 구미동 221,분당-179,1,N,37.339524,127.118464,6,8.0,20.0,Y,N,Y,Y
성남시 분당구,구미로,경기도 성남시 분당구 미금로22번길 25 (구미동),경기도 성남시 분당구 구미동 215,분당-180,1,N,37.337755,127.118399,6,8.0,20.0,Y,N,Y,N
성남시 분당구,구미로,경기도 성남시 분당구 구미로 107 (구미동),경기도 성남시 분당구 구미동 223,분당-181,1,N,37.339464,127.120769,6,8.0,20.0,Y,N,Y,N
성남시 분당구,구미로,"경기도 성남시 분당구 구미로 143 (구미동, 무지개마을라이프아파트)",경기도 성남시 분당구 구미동 242,분당-182,1,N,37.342729,127.124118,6,8.0,20.0,Y,N,Y,N
성남시 분당구,구미로,,경기도 성남시 분당구 구미동 281,분당-183,1,N,37.343131,127.124566,6,8.0,20.0,Y,N,Y,Y
성남시 분당구,구미로,"경기도 성남시 분당구 구미로173번길 8 (구미동, 청구빌라)",경기도 성남시 분당구 구미동 288,분당-184,1,N,37.344022,127.125726,6,8.0,20.0,Y,N,Y,N
성남시 분당구,판교로,,경기도 성남시 분당구 이매동 150-1,분당-185,1,N,37.404262,127.119579,9,8.0,29.0,Y,N,Y,Y
성남시 분당구,판교로,"경기도 성남시 분당구 판교로 421 (야탑동, 탑마을대우아파트)",경기도 성남시 분당구 야탑동 535,분당-186,1,N,37.406959,127.120465,7,8.0,23.0,Y,N,Y,Y
성남시 분당구,판교로,,경기도 성남시 분당구 이매동 131-1,분당-187,1,N,37.405132,127.12174,7,8.0,23.0,Y,N,Y,N
성남시 분당구,판교로,,경기도 성남시 분당구 이매동 131-8,분당-188,1,N,37.405124,127.123358,8,8.0,26.0,Y,N,Y,N
성남시 분당구,판교로,,경기도 성남시 분당구 이매동 97-1,분당-189,1,N,37.405136,127.125737,9,8.0,29.0,Y,N,Y,Y
성남시 분당구,판교로,,경기도 성남시 분당구 이매동 127-1,분당-190,1,N,37.403736,127.127977,8,8.0,26.0,Y,N,Y,N
성남시 분당구,판교로,"경기도 성남시 분당구 판교로 519 (야탑동, 탑마을경남아너스빌)",경기도 성남시 분당구 야탑동 525,분당-191,1,N,37.406742,127.131402,7,8.0,23.0,Y,N,Y,N
성남시 분당구,판교로,경기도 성남시 분당구 매화로 1 (야탑동),경기도 성남시 분당구 야탑동 523,분당-192,1,N,37.407679,127.133437,8,8.0,26.0,Y,N,Y,Y
성남시 분당구,판교로,경기도 성남시 분당구 판교로 582 (야탑동),경기도 성남시 분당구 야탑동 491,분당-193,1,N,37.407438,127.137867,7,8.0,23.0,Y,N,Y,N
성남시 분당구,판교로,"경기도 성남시 분당구 판교로 654 (야탑동, 목련마을대진빌라)",경기도 성남시 분당구 야탑동 158,분당-194,1,N,37.40519,127.145184,6,8.0,20.0,Y,N,Y,Y
성남시 분당구,판교로,경기도 성남시 분당구 판교로 679 (야탑동),경기도 성남시 분당구 야탑동 154,분당-195,1,N,37.405603,127.148588,4,6.0,14.0,Y,N,Y,Y
성남시 분당구,판교로,경기도 성남시 분당구 판교로 700 (야탑동),경기도 성남시 분당구 야탑동 151,분당-196,1,N,37.404215,127.151696,4,6.0,14.0,Y,N,Y,N
성남시 분당구,판교로,경기도 성남시 분당구 판교로 697 (야탑동),경기도 성남시 분당구 야탑동 150,분당-197,1,N,37.405418,127.150967,4,6.0,14.0,Y,N,Y,N
성남시 분당구,판교로,,경기도 성남시 분당구 야탑동 192-2,분당-198,1,N,37.405581,127.155638,4,6.0,14.0,Y,N,Y,Y
성남시 분당구,황새울로,,경기도 성남시 분당구 서현동 251-1,분당-199,1,N,37.387793,127.124427,5,8.0,17.0,Y,N,Y,N
성남시 분당구,황새울로,경기도 성남시 분당구 황새울로 347 (서현동),경기도 성남시 분당구 서현동 257,분당-200,1,N,37.386847,127.123231,5,8.0,17.0,Y,N,Y,N
성남시 분당구,황새울로,,경기도 성남시 분당구 서현동 250-2,분당-201,1,N,37.386294,127.123345,5,8.0,17.0,Y,N,Y,N
성남시 분당구,황새울로,,경기도 성남시 분당구 서현동 261-6,분당-202,1,N,37.386049,127.121698,5,8.0,17.0,Y,N,Y,Y
성남시 분당구,황새울로,,경기도 성남시 분당구 서현동 273-2,분당-203,1,N,37.385034,127.120439,5,8.0,17.0,Y,N,Y,N
성남시 분당구,황새울로,,경기도 성남시 분당구 수내동 9-4,분당-204,1,N,37.38,127.114937,5,8.0,17.0,Y,N,Y,N
성남시 분당구,황새울로,,경기도 성남시 분당구 수내동 11-4,분당-205,1,N,37.378466,127.112806,5,8.0,17.0,Y,N,Y,N
성남시 분당구,황새울로,,경기도 성남시 분당구 정자동 92-3,분당-206,1,N,37.375575,127.109788,4,6.0,14.0,Y,N,Y,N
성남시 분당구,황새울로,경기도 성남시 분당구 황새울로132번길 2 (정자동),경기도 성남시 분당구 정자동 78,분당-207,1,N,37.372101,127.11055,4,6.0,14.0,Y,N,Y,N
성남시 분당구,황새울로,"경기도 성남시 분당구 느티로 70 (정자동, 느티마을3,4단지)",경기도 성남시 분당구 정자동 88,분당-208,1,N,37.368171,127.110392,5,8.0,17.0,Y,N,Y,N
성남시 분당구,황새울로,"경기도 성남시 분당구 내정로 55 (정자동, 상록마을우성아파트)",경기도 성남시 분당구 정자동 121,분당-209,1,N,37.365401,127.113878,4,6.0,14.0,Y,N,Y,N
성남시 분당구,황새울로,"경기도 성남시 분당구 내정로 55 (정자동, 상록마을우성아파트)",경기도 성남시 분당구 정자동 121,분당-210,1,N,37.365401,127.113878,5,8.0,17.0,Y,N,Y,N
성남시 분당구,황새울로,경기도 성남시 분당구 황새울로 4 (정자동),경기도 성남시 분당구 정자동 153,분당-211,1,N,37.360906,127.111069,5,8.0,17.0,Y,N,Y,N
성남시 분당구,금곡로,"경기도 성남시 분당구 정자일로 72 (금곡동, 청솔마을한라아파트)",경기도 성남시 분당구 금곡동 181,분당-212,1,N,37.356394,127.107644,4,6.0,14.0,Y,N,Y,N
성남시 분당구,금곡로,경기도 성남시 분당구 금곡로 289 (금곡동),경기도 성남시 분당구 금곡동 123,분당-213,1,N,37.355026,127.109688,4,6.0,14.0,Y,N,Y,N
성남시 분당구,금곡로,"경기도 성남시 분당구 금곡로 263 (금곡동, 청솔마을공무원아파트)",경기도 성남시 분당구 금곡동 125,분당-214,99,N,37.355352,127.11169,4,6.0,14.0,Y,N,Y,N
성남시 분당구,금곡로,경기도 성남시 분당구 금곡로 243 (금곡동),경기도 성남시 분당구 금곡동 131,분당-215,99,N,37.354658,127.1141,4,6.0,14.0,Y,N,Y,N
성남시 분당구,금곡로,"경기도 성남시 분당구 금곡로 181 (구미동, 분당중앙하이츠빌라)",경기도 성남시 분당구 구미동 81,분당-216,1,N,37.350889,127.119766,4,6.0,14.0,Y,N,Y,N
성남시 분당구,금곡로,"경기도 성남시 분당구 미금일로 5 (구미동, 청구빌라)",경기도 성남시 분당구 구미동 102,분당-217,1,N,37.345856,127.119445,4,6.0,14.0,Y,N,Y,Y
성남시 분당구,금곡로,"경기도 성남시 분당구 미금로 114 (구미동, 하얀마을그랜드빌)",경기도 성남시 분당구 구미동 111,분당-218,1,N,37.344572,127.116947,4,6.0,14.0,Y,N,Y,Y
성남시 분당구,장미로,경기도 성남시 분당구 성남대로925번길 16 (야탑동),경기도 성남시 분당구 야탑동 341,분당-219,1,N,37.41309,127.127281,5,8.0,17.0,Y,N,Y,Y
성남시 분당구,장미로,,경기도 성남시 분당구 야탑동 360-3,분당-220,1,N,37.413508,127.130234,5,8.0,17.0,Y,N,Y,Y
성남시 분당구,장미로,"경기도 성남시 분당구 장미로 101 (야탑동, 장미마을)",경기도 성남시 분당구 야탑동 334,분당-221,1,N,37.415964,127.129389,4,6.0,14.0,Y,N,Y,Y
성남시 분당구,장미로,"경기도 성남시 분당구 장미로 101 (야탑동, 장미마을)",경기도 성남시 분당구 야탑동 334,분당-222,1,N,37.415964,127.129389,5,8.0,17.0,Y,N,Y,Y
성남시 분당구,장미로,"경기도 성남시 분당구 장미로 139 (야탑동, 매화마을주공2단지아파트)",경기도 성남시 분당구 야탑동 215,분당-223,1,N,37.414809,127.136277,4,6.0,14.0,Y,N,Y,Y
성남시 분당구,장미로,경기도 성남시 분당구 장미로 153 (야탑동),경기도 성남시 분당구 야탑동 216,분당-224,1,N,37.413778,127.138674,5,8.0,17.0,Y,N,Y,N
성남시 분당구,장미로,"경기도 성남시 분당구 장미로 193 (야탑동, 매화마을주공4단지아파트)",경기도 성남시 분당구 야탑동 211,분당-225,1,N,37.41319,127.140993,4,6.0,14.0,Y,N,Y,N
성남시 분당구,구미로173번길,경기도 성남시 분당구 구미로173번길 82 (구미동),경기도 성남시 분당구 구미동 300,분당-226,1,N,37.352025,127.124485,4,6.0,14.0,Y,N,Y,N
성남시 분당구,구미로173번길,경기도 성남시 분당구 구미로173번길 82 (구미동),경기도 성남시 분당구 구미동 300,분당-227,1,N,37.352025,127.124485,5,8.0,17.0,Y,N,Y,N
성남시 분당구,구미로173번길,,경기도 성남시 분당구 구미동 297-1,분당-228,1,N,37.348439,127.123429,6,8.0,20.0,Y,N,Y,N
성남시 분당구,구미로173번길,,경기도 성남시 분당구 구미동 297-2,분당-229,1,N,37.347294,127.123471,6,8.0,20.0,Y,N,Y,N
성남시 분당구,구미로173번길,"경기도 성남시 분당구 구미로173번길 22 (구미동, 우방도무스빌라)",경기도 성남시 분당구 구미동 285,분당-230,1,N,37.345059,127.125317,5,8.0,17.0,Y,N,Y,N
성남시 분당구,새마을로,경기도 성남시 분당구 중앙공원로 77 (서현동),경기도 성남시 분당구 서현동 234,분당-231,1,N,37.383587,127.132472,4,6.0,14.0,Y,N,Y,N
성남시 분당구,새마을로,,경기도 성남시 분당구 서현동 136-15,분당-232,1,N,37.383408,127.135879,4,6.0,14.0,Y,N,Y,N
성남시 분당구,새마을로,경기도 성남시 분당구 새마을로 81 (서현동),경기도 성남시 분당구 서현동 102,분당-233,1,N,37.38351,127.139412,4,6.0,14.0,Y,N,Y,N
성남시 분당구,새마을로,경기도 성남시 분당구 새마을로 111 (서현동),경기도 성남시 분당구 서현동 31,분당-234,1,N,37.383538,127.143165,6,8.0,20.0,Y,N,Y,N
성남시 분당구,새마을로,,경기도 성남시 분당구 율동 115-1,분당-235,1,N,37.384068,127.15063,4,6.0,14.0,Y,N,Y,N
성남시 분당구,백현로,,경기도 성남시 분당구 정자동 4-6,분당-236,3,N,37.378495,127.106394,10,8.0,32.0,Y,N,Y,Y
성남시 분당구,백현로,경기도 성남시 분당구 백현로 100 (정자동),경기도 성남시 분당구 정자동 27,분당-237,1,N,37.376192,127.110346,8,8.0,26.0,Y,N,Y,N
성남시 분당구,백현로,,경기도 성남시 분당구 정자동 28-1,분당-238,3,N,37.375405,127.110378,8,8.0,26.0,Y,N,Y,Y
성남시 분당구,장미로48번길,,경기도 성남시 분당구 야탑동 342-3,분당-239,1,N,37.412656,127.125502,6,8.0,20.0,Y,N,Y,Y
성남시 분당구,장미로48번길,경기도 성남시 분당구 야탑로65번길 11 (야탑동),경기도 성남시 분당구 야탑동 350,분당-240,1,N,37.410679,127.125665,6,8.0,20.0,Y,N,Y,N
성남시 분당구,황새울로311번길,,경기도 성남시 분당구 서현동 261-1,분당-241,1,N,37.386536,127.121227,4,6.0,14.0,Y,N,Y,N
성남시 분당구,황새울로311번길,,경기도 성남시 분당구 서현동 258-1,분당-242,1,N,37.387277,127.121267,4,6.0,14.0,Y,N,Y,N
성남시 분당구,중앙공원로,"경기도 성남시 분당구 중앙공원로 54 (서현동, 시범단지우성아파트)",경기도 성남시 분당구 서현동 96,분당-243,1,N,37.381173,127.130339,6,8.0,20.0,Y,N,Y,N
성남시 분당구,중앙공원로,경기도 성남시 분당구 중앙공원로 35 (서현동),경기도 성남시 분당구 서현동 90,분당-244,1,N,37.38087,127.128664,6,8.0,20.0,Y,N,Y,N
성남시 분당구,중앙공원로,"경기도 성남시 분당구 중앙공원로 17 (서현동, 시범단지한양아파트)",경기도 성남시 분당구 서현동 91,분당-245,1,N,37.379188,127.126212,6,8.0,20.0,Y,N,Y,N
성남시 분당구,장안로,"경기도 성남시 분당구 장안로51번길 11 (분당동, 건영아파트)",경기도 성남시 분당구 분당동 69,분당-246,1,N,37.371444,127.142513,4,6.0,14.0,Y,N,Y,N
성남시 분당구,장안로,,경기도 성남시 분당구 분당동 90-1,분당-247,1,N,37.370465,127.143471,4,6.0,14.0,Y,N,Y,Y
성남시 분당구,장안로,"경기도 성남시 분당구 장안로 15 (분당동, 건영아파트)",경기도 성남시 분당구 분당동 71,분당-248,1,N,37.369531,127.141902,4,6.0,14.0,Y,N,Y,N
성남시 분당구,정자로,,경기도 성남시 분당구 정자동 189-5,분당-249,1,N,37.362543,127.112361,6,8.0,20.0,Y,N,Y,Y
성남시 분당구,정자로,"경기도 성남시 분당구 정자로76번길 10 (정자동, 상록마을라이프2단지아파트)",경기도 성남시 분당구 정자동 125,분당-250,1,N,37.362751,127.113051,6,8.0,20.0,Y,N,Y,Y
성남시 분당구,정자로,,경기도 성남시 분당구 정자동 192,분당-251,1,N,37.36235,127.117057,6,8.0,20.0,Y,N,Y,Y
성남시 분당구,무지개로,경기도 성남시 분당구 무지개로 129 (구미동),경기도 성남시 분당구 구미동 241,분당-252,1,N,37.340984,127.119731,4,6.0,14.0,Y,N,Y,N
성남시 분당구,무지개로,,경기도 성남시 분당구 구미동 50,분당-253,1,N,37.336381,127.113573,4,6.0,14.0,Y,N,Y,Y
성남시 분당구,무지개로,"경기도 성남시 분당구 미금로 23 (구미동, 무지개마을대림아파트)",경기도 성남시 분당구 구미동 211,분당-254,1,N,37.335467,127.115868,4,6.0,14.0,Y,N,Y,N
성남시 분당구,성남대로779번길,경기도 성남시 분당구 성남대로779번길 12 (이매동),경기도 성남시 분당구 이매동 108,분당-255,1,N,37.399401,127.127272,5,8.0,17.0,Y,N,Y,Y
성남시 분당구,성남대로779번길,,경기도 성남시 분당구 이매동 87-30,분당-256,1,N,37.402957,127.13056,5,8.0,17.0,Y,N,Y,N
성남시 분당구,성남대로43번길,경기도 성남시 분당구 성남대로43번길 30 (구미동),경기도 성남시 분당구 구미동 172,분당-257,1,N,37.340054,127.104823,8,8.0,26.0,Y,N,Y,N
성남시 분당구,성남대로43번길,경기도 성남시 분당구 탄천상로151번길 20 (구미동),경기도 성남시 분당구 구미동 159,분당-258,1,N,37.340325,127.106819,8,8.0,26.0,Y,N,Y,N
성남시 분당구,느티로,,경기도 성남시 분당구 정자동 65-3,분당-259,1,N,37.368774,127.112295,4,6.0,14.0,Y,N,Y,Y
성남시 분당구,분당로263번길,,경기도 성남시 분당구 서현동 314-2,분당-260,1,N,37.372764,127.14121,4,6.0,14.0,Y,N,Y,N
성남시 분당구,분당로263번길,"경기도 성남시 분당구 장안로25번길 28 (분당동, 건영아파트)",경기도 성남시 분당구 분당동 67,분당-261,1,N,37.371129,127.140847,4,6.0,14.0,Y,N,Y,N
성남시 분당구,분당로263번길,"경기도 성남시 분당구 분당로263번길 13 (서현동, 효자촌대우아파트)",경기도 성남시 분당구 서현동 310,분당-262,1,N,37.371695,127.137882,4,6.0,14.0,Y,N,Y,Y
성남시 분당구,양현로94번길,,경기도 성남시 분당구 이매동 120-3,분당-263,1,N,37.391555,127.125715,4,6.0,14.0,Y,N,Y,N
성남시 분당구,양현로94번길,,경기도 성남시 분당구 이매동 120-7,분당-264,1,N,37.390979,127.126385,4,6.0,14.0,Y,N,Y,N
성남시 분당구,황새울로313번길,,경기도 성남시 분당구 서현동 269-6,분당-265,1,N,37.383921,127.121376,4,6.0,14.0,Y,N,Y,N
성남시 분당구,이매로,"경기도 성남시 분당구 이매로 54 (이매동, 이매촌성지아파트)",경기도 성남시 분당구 이매동 116,분당-266,1,N,37.393806,127.125842,4,6.0,14.0,Y,N,Y,Y
성남시 분당구,벌말로,"경기도 성남시 분당구 벌말로30번길 12 (야탑동, 매화마을동신,건영빌라)",경기도 성남시 분당구 야탑동 266,분당-267,1,N,37.410142,127.138815,4,6.0,14.0,Y,N,Y,N
성남시 분당구,매화로,,경기도 성남시 분당구 야탑동 382-5,분당-268,1,N,37.411687,127.133589,4,6.0,14.0,Y,N,Y,Y
성남시 분당구,매화로,경기도 성남시 분당구 매화로 35 (야탑동),경기도 성남시 분당구 야탑동 390,분당-269,1,N,37.410615,127.133492,5,8.0,17.0,Y,N,Y,Y
성남시분당구,운중로,,경기도 성남시 분당구 운중동 903,분당-270,4,N,37.391298,127.063253,5,8.0,17.0,N,N,N,N
성남시분당구,운중로,,경기도 성남시 분당구 운중동 900-3,분당-271,4,N,37.390575,127.079169,4,6.0,14.0,Y,N,Y,Y
성남시분당구,운중로,"경기도 성남시 분당구 판교원로 7 (운중동, LIG건영아파트)",경기도 성남시 분당구 운중동 899,분당-272,4,N,37.391025,127.069701,5,8.0,17.0,Y,N,Y,Y
성남시분당구,운중로,경기도 성남시 분당구 운중로 118 (운중동),경기도 성남시 분당구 운중동 948,분당-273,4,N,37.391378,127.076061,7,8.0,23.0,Y,N,Y,Y
성남시분당구,운중로,,경기도 성남시 분당구 운중동 966,분당-274,4,N,37.391907,127.078599,7,8.0,23.0,Y,N,Y,Y
성남시분당구,운중로,경기도 성남시 분당구 운중로166번길 1 (운중동),경기도 성남시 분당구 운중동 1018,분당-275,4,N,37.391104,127.081738,6,8.0,20.0,Y,N,Y,Y
성남시분당구,운중로,경기도 성남시 분당구 운중로 190 (운중동),경기도 성남시 분당구 운중동 1017,분당-276,4,N,37.390649,127.084005,7,8.0,23.0,Y,Y,Y,Y
성남시분당구,운중로,경기도 성남시 분당구 운중로 250 (판교동),경기도 성남시 분당구 판교동 626,분당-277,4,N,37.389189,127.090412,5,8.0,17.0,Y,N,Y,Y
성남시분당구,운중로,경기도 성남시 분당구 운중로267번길 2 (판교동),경기도 성남시 분당구 판교동 586-7,분당-278,4,N,37.389053,127.09325,4,6.0,14.0,Y,N,Y,Y
성남시분당구,운중로,,경기도 성남시 분당구 판교동 584-2,분당-279,4,N,37.388255,127.095533,6,8.0,20.0,Y,N,Y,Y
성남시분당구,서판교로,,경기도 성남시 분당구 판교동 639-1,분당-280,4,N,37.387012,127.097607,3,6.0,14.0,Y,N,Y,Y
성남시분당구,서판교로,경기도 성남시 분당구 서판교로44번길 2 (판교동),경기도 성남시 분당구 판교동 577,분당-281,4,N,37.39052,127.097932,5,8.0,17.0,Y,N,Y,Y
성남시분당구,서판교로,"경기도 성남시 분당구 서판교로 29 (판교동, 판교원마을한림풀에버아파트)",경기도 성남시 분당구 판교동 585,분당-282,4,N,37.389882,127.097314,6,8.0,20.0,Y,N,Y,Y
성남시분당구,서판교로,"경기도 성남시 분당구 서판교로 73 (판교동, 판교원마을10단지아파트)",경기도 성남시 분당구 판교동 552,분당-283,4,N,37.394899,127.097636,5,8.0,17.0,Y,N,Y,Y
성남시분당구,서판교로,"경기도 성남시 분당구 서판교로 73 (판교동, 판교원마을10단지아파트)",경기도 성남시 분당구 판교동 552,분당-284,4,N,37.394899,127.097636,4,6.0,14.0,Y,N,Y,Y
성남시분당구,서판교로,경기도 성남시 분당구 서판교로74번길 11 (판교동),경기도 성남시 분당구 판교동 551,분당-285,4,N,37.394304,127.098913,4,6.0,14.0,Y,N,Y,Y
성남시분당구,서판교로,경기도 성남시 분당구 서판교로 99 (판교동),경기도 성남시 분당구 판교동 541,분당-286,4,N,37.395966,127.097786,6,8.0,20.0,Y,N,Y,Y
성남시분당구,서판교로,경기도 성남시 분당구 서판교로132번길 11 (판교동),경기도 성남시 분당구 판교동 518,분당-287,4,N,37.39919,127.096178,6,8.0,20.0,Y,N,Y,Y
성남시분당구,서판교로,"경기도 성남시 분당구 서판교로 147 (판교동, 판교원마을현대힐스테이트아파트)",경기도 성남시 분당구 판교동 513,분당-288,4,N,37.397983,127.095618,5,8.0,17.0,Y,N,Y,Y
성남시분당구,서판교로,경기도 성남시 분당구 서판교로 160 (판교동),경기도 성남시 분당구 판교동 497,분당-289,4,N,37.400258,127.09485,7,8.0,23.0,Y,N,Y,Y
성남시분당구,서판교로,"경기도 성남시 분당구 서판교로 165 (판교동, 판교원마을12단지아파트)",경기도 성남시 분당구 판교동 494,분당-290,4,N,37.399837,127.093458,4,6.0,14.0,Y,N,Y,Y
성남시분당구,서판교로,경기도 성남시 분당구 서판교로180번길 3-9 (판교동),경기도 성남시 분당구 판교동 491,분당-291,4,N,37.402286,127.093024,2,4.0,8.0,Y,N,Y,Y
성남시분당구,서판교로,경기도 성남시 분당구 서판교로180번길 20 (판교동),경기도 성남시 분당구 판교동 503,분당-292,4,N,37.402538,127.09542,2,4.0,8.0,N,N,Y,N
성남시분당구,서판교로32번길,경기도 성남시 분당구 서판교로44번길 18 (판교동),경기도 성남시 분당구 판교동 572,분당-293,4,N,37.390552,127.099584,2,4.0,8.0,Y,N,Y,N
성남시분당구,서판교로88번길,경기도 성남시 분당구 서판교로88번길 14-5 (판교동),경기도 성남시 분당구 판교동 548,분당-294,4,N,37.394564,127.099835,2,4.0,8.0,Y,N,Y,N
성남시분당구,서판교로88번길,,경기도 성남시 분당구 판교동 547-1,분당-295,4,N,37.394718,127.099251,2,4.0,8.0,Y,N,Y,Y
성남시분당구,판교로,"경기도 성남시 분당구 서판교로 147 (판교동, 판교원마을현대힐스테이트아파트)",경기도 성남시 분당구 판교동 513,분당-296,4,N,37.397983,127.095618,6,8.0,20.0,Y,N,Y,Y
성남시분당구,판교로,"경기도 성남시 분당구 판교로 20 (판교동, 판교원마을3단지아파트)",경기도 성남시 분당구 판교동 629,분당-297,4,N,37.387163,127.086235,7,8.0,23.0,Y,N,Y,Y
성남시분당구,안양판교로,,경기도 성남시 분당구 하산운동 266-52,분당-298,4,N,37.387472,127.083821,5,8.0,17.0,Y,Y,Y,N
성남시분당구,안양판교로,"경기도 성남시 분당구 판교원로 46 (운중동, 산운마을12단지아파트)",경기도 성남시 분당구 운중동 921,분당-299,4,N,37.389414,127.072685,5,8.0,17.0,Y,N,Y,N
성남시분당구,산운로,경기도 성남시 분당구 운중로113번길 12-1 (운중동),경기도 성남시 분당구 운중동 981,분당-300,4,N,37.393052,127.076089,3,6.0,11.0,Y,N,Y,Y
성남시분당구,산운로,"경기도 성남시 분당구 산운로 37 (운중동, 산운마을판교월든힐스2단지아파트)",경기도 성남시 분당구 운중동 874,분당-301,4,N,37.392958,127.066443,2,4.0,8.0,Y,N,Y,N
성남시분당구,산운로,"경기도 성남시 분당구 산운로 55 (운중동, 산운마을판교월든힐스3단지아파트)",경기도 성남시 분당구 운중동 873,분당-302,4,N,37.392952,127.067902,2,4.0,8.0,Y,N,Y,N
성남시분당구,산운로,경기도 성남시 분당구 운중로45번길 8 (운중동),경기도 성남시 분당구 운중동 893,분당-303,4,N,37.392419,127.068938,2,4.0,8.0,Y,N,Y,N
성남시분당구,판교원로,"경기도 성남시 분당구 판교원로 7 (운중동, LIG건영아파트)",경기도 성남시 분당구 운중동 899,분당-304,4,N,37.391025,127.069701,4,6.0,14.0,Y,N,Y,Y
성남시분당구,판교원로,,경기도 성남시 분당구 운중동 1044,분당-305,4,N,37.388761,127.082157,2,4.0,8.0,Y,N,Y,Y
성남시분당구,판교원로,"경기도 성남시 분당구 판교로 20 (판교동, 판교원마을3단지아파트)",경기도 성남시 분당구 판교동 629,분당-306,4,N,37.387163,127.086235,3,6.0,11.0,Y,N,Y,Y
성남시분당구,판교원로,"경기도 성남시 분당구 판교로 20 (판교동, 판교원마을3단지아파트)",경기도 성남시 분당구 판교동 629,분당-307,4,N,37.387163,127.086235,2,4.0,8.0,Y,N,Y,Y
성남시분당구,판교원로,경기도 성남시 분당구 판교원로 193 (판교동),경기도 성남시 분당구 판교동 633,분당-308,4,N,37.387223,127.087558,3,6.0,11.0,Y,N,Y,Y
성남시분당구,판교원로,경기도 성남시 분당구 판교원로 200 (판교동),경기도 성남시 분당구 판교동 632,분당-309,4,N,37.385948,127.088207,2,4.0,8.0,Y,N,Y,Y
성남시분당구,판교원로,"경기도 성남시 분당구 판교원로 207 (판교동, 판교원마을5단지아파트)",경기도 성남시 분당구 판교동 634,분당-310,4,N,37.386646,127.088712,4,6.0,4.0,Y,N,Y,Y
성남시분당구,판교원로,,경기도 성남시 분당구 판교동 436,분당-311,4,N,37.386373,127.089093,3,6.0,11.0,Y,N,Y,Y
성남시분당구,판교원로,"경기도 성남시 분당구 판교원로 237 (판교동, 판교원마을7단지아파트)",경기도 성남시 분당구 판교동 637,분당-312,4,N,37.387601,127.092129,2,4.0,8.0,Y,N,Y,Y
성남시분당구,판교원로 14번길2,경기도 성남시 분당구 운중로14번길 19-3 (운중동),경기도 성남시 분당구 운중동 908,분당-313,4,N,37.390746,127.066302,3,6.0,11.0,Y,N,Y,N
성남시분당구,판교원로 82번길,"경기도 성남시 분당구 판교원로81번길 15 (운중동, 산운마을대광로제비앙아파트)",경기도 성남시 분당구 운중동 949,분당-314,4,N,37.390693,127.075117,5,8.0,17.0,Y,N,Y,Y
성남시분당구,판교원로 82번길,"경기도 성남시 분당구 판교원로 68 (운중동, 산운마을11단지아파트)",경기도 성남시 분당구 운중동 922,분당-315,4,N,37.389175,127.075037,4,6.0,14.0,Y,N,Y,Y
성남시분당구,판교원로 82번길,,경기도 성남시 분당구 운중동 919,분당-316,4,N,37.387754,127.073907,4,6.0,14.0,Y,N,Y,N
성남시분당구,판교원로 82번길,"경기도 성남시 분당구 판교원로82번길 30 (운중동, 산운마을13단지아파트)",경기도 성남시 분당구 운중동 918,분당-317,4,N,37.385365,127.073418,4,6.0,14.0,Y,N,Y,Y
성남시분당구,판교원로 82번길,"경기도 성남시 분당구 판교원로82번길 30 (운중동, 산운마을13단지아파트)",경기도 성남시 분당구 운중동 918,분당-318,4,N,37.385365,127.073418,4,6.0,14.0,Y,N,Y,Y
성남시분당구,판교원로 82번길,"경기도 성남시 분당구 판교원로82번길 60 (운중동, 경남아너스빌아파트)",경기도 성남시 분당구 운중동 916,분당-319,4,N,37.383067,127.073959,4,6.0,14.0,Y,N,Y,Y
성남시분당구,운중로 243번길,경기도 성남시 분당구 판교공원로4길 27,경기도 성남시 분당구 판교동 553,분당-320,4,N,37.391898,127.09085,2,4.0,8.0,Y,N,Y,N
성남시분당구,운중로 243번길,,경기도 성남시 분당구 판교동 612-4,분당-321,4,N,37.390654,127.090777,2,4.0,8.0,Y,N,Y,Y
성남시분당구,운중로 45번길,경기도 성남시 분당구 산운로48번길 1 (운중동),경기도 성남시 분당구 운중동 892,분당-322,4,N,37.392485,127.067228,2,4.0,8.0,Y,N,Y,N
성남시분당구,동판교로,"경기도 성남시 분당구 동판교로 275 (삼평동, 봇들마을1단지)",경기도 성남시 분당구 삼평동 705,분당-323,4,N,37.406414,127.114858,6,8.0,20.0,Y,N,Y,Y
성남시분당구,동판교로,경기도 성남시 분당구 동판교로 268 (삼평동),경기도 성남시 분당구 삼평동 711,분당-324,4,N,37.406148,127.115847,6,8.0,20.0,Y,N,Y,Y
성남시분당구,동판교로,경기도 성남시 분당구 동판교로 258 (삼평동),경기도 성남시 분당구 삼평동 710,분당-325,4,N,37.405404,127.116346,5,8.0,17.0,Y,N,Y,Y
성남시분당구,동판교로,경기도 성남시 분당구 판교로 376 (삼평동),경기도 성남시 분당구 삼평동 719,분당-326,4,N,37.403956,127.116147,8,8.0,26.0,Y,Y,Y,Y
성남시분당구,동판교로,경기도 성남시 분당구 동판교로 223 (삼평동),경기도 성남시 분당구 삼평동 723,분당-327,4,N,37.402492,127.116398,7,8.0,24.0,Y,N,Y,Y
성남시분당구,동판교로,"경기도 성남시 분당구 동판교로 212 (삼평동, 봇들마을6단지아파트)",경기도 성남시 분당구 삼평동 728,분당-328,4,N,37.401796,127.117542,6,8.0,20.0,Y,N,Y,Y
성남시분당구,동판교로,경기도 성남시 분당구 대왕판교로644번길 77 (삼평동),경기도 성남시 분당구 삼평동 727,분당-329,4,N,37.400611,127.11574,6,8.0,20.0,Y,N,Y,Y
성남시분당구,동판교로,경기도 성남시 분당구 동판교로 177 (삼평동),경기도 성남시 분당구 삼평동 737,분당-330,4,N,37.3986,127.116474,5,8.0,17.0,Y,N,Y,Y
성남시분당구,동판교로,경기도 성남시 분당구 동판교로 154 (삼평동),경기도 성남시 분당구 삼평동 743,분당-331,4,N,37.396038,127.117756,5,8.0,17.0,Y,N,Y,Y
성남시분당구,동판교로,경기도 성남시 분당구 동판교로 154 (삼평동),경기도 성남시 분당구 삼평동 743,분당-332,4,N,37.396038,127.117756,2,4.0,8.0,Y,N,Y,N
성남시분당구,동판교로,경기도 성남시 분당구 동판교로 124 (백현동),경기도 성남시 분당구 백현동 544,분당-333,4,N,37.394192,127.11763,6,8.0,20.0,Y,N,Y,Y
성남시분당구,동판교로,"경기도 성남시 분당구 동판교로 122 (백현동, 백현마을2단지아파트)",경기도 성남시 분당구 백현동 545,분당-334,4,N,37.392636,127.119648,6,8.0,20.0,Y,N,Y,Y
성남시분당구,동판교로,"경기도 성남시 분당구 동판교로 92 (백현동, 백현마을3단지)",경기도 성남시 분당구 백현동 546,분당-335,4,N,37.387551,127.116275,7,8.0,23.0,Y,N,Y,Y
성남시분당구,동판교로,,경기도 성남시 분당구 백현동 548,분당-336,4,N,37.389019,127.115853,6,8.0,20.0,Y,N,Y,Y
성남시분당구,동판교로,경기도 성남시 분당구 동판교로 61 (백현동),경기도 성남시 분당구 백현동 550,분당-337,4,N,37.388475,127.115374,5,8.0,17.0,Y,N,Y,Y
성남시분당구,동판교로,경기도 성남시 분당구 동판교로 55 (백현동),경기도 성남시 분당구 백현동 552,분당-338,4,N,37.388269,127.114664,5,8.0,17.0,Y,N,Y,Y
성남시분당구,동판교로,경기도 성남시 분당구 동판교로 21 (백현동),경기도 성남시 분당구 백현동 557,분당-339,4,N,37.388537,127.110838,5,8.0,17.0,Y,N,Y,Y
성남시분당구,동판교로,경기도 성남시 분당구 판교역로14번길 42 (백현동),경기도 성남시 분당구 백현동 559,분당-340,4,N,37.387579,127.111751,2,4.0,8.0,Y,N,Y,N
성남시분당구,분당-내곡로,경기도 성남시 분당구 판교로 335 (삼평동),경기도 성남시 분당구 삼평동 689,분당-341,4,N,37.403826,127.111658,8,8.0,26.0,Y,N,Y,Y
성남시분당구,분당-내곡로,경기도 성남시 분당구 대왕판교로644번길 62 (삼평동),경기도 성남시 분당구 삼평동 733,분당-342,4,N,37.399542,127.113729,8,8.0,26.0,Y,N,Y,Y
성남시분당구,분당-내곡로,"경기도 성남시 분당구 동판교로177번길 25 (삼평동, 판교 호반 써밋 플레이스)",경기도 성남시 분당구 삼평동 740,분당-343,4,N,37.397321,127.113562,8,8.0,26.0,Y,N,Y,Y
성남시분당구,분당-내곡로,경기도 성남시 분당구 대왕판교로606번길 58 (삼평동),경기도 성남시 분당구 삼평동 741,분당-344,4,N,37.395421,127.113555,9,8.0,29.0,Y,N,Y,Y
성남시분당구,분당-내곡로,"경기도 성남시 분당구 동판교로 123 (백현동, 백현마을1단지판교푸르지오그랑블아파트)",경기도 성남시 분당구 백현동 542,분당-345,4,N,37.393549,127.113625,9,8.0,29.0,Y,N,Y,Y
성남시분당구,분당-내곡로,경기도 성남시 분당구 판교역로146번길 20 (백현동),경기도 성남시 분당구 백현동 541,분당-346,4,N,37.392795,127.112087,8,8.0,26.0,Y,Y,Y,Y
성남시분당구,분당-내곡로,경기도 성남시 분당구 동판교로 42 (백현동),경기도 성남시 분당구 백현동 598,분당-347,4,N,37.38775,127.113426,7,8.0,23.0,Y,Y,Y,Y
성남시분당구,판교역로,경기도 성남시 분당구 판교로319번길 13 (삼평동),경기도 성남시 분당구 삼평동 691,분당-348,4,N,37.403688,127.109073,9,8.0,29.0,Y,N,Y,Y
성남시분당구,판교역로,경기도 성남시 분당구 판교로 310 (삼평동),경기도 성남시 분당구 삼평동 686,분당-349,4,N,37.40277,127.108878,8,8.0,26.0,Y,N,Y,Y
성남시분당구,판교역로,경기도 성남시 분당구 판교역로 230 (삼평동),경기도 성남시 분당구 삼평동 679,분당-350,4,N,37.401285,127.110456,8,8.0,26.0,Y,N,Y,Y
성남시분당구,판교역로,경기도 성남시 분당구 판교역로 220 (삼평동),경기도 성남시 분당구 삼평동 673,분당-351,4,N,37.400429,127.110225,9,8.0,29.0,Y,N,Y,Y
성남시분당구,판교역로,경기도 성남시 분당구 판교역로 188 (삼평동),경기도 성남시 분당구 삼평동 642,분당-352,4,N,37.397448,127.110054,7,8.0,23.0,Y,N,Y,Y
성남시분당구,판교역로,경기도 성남시 분당구 판교역로 178 (삼평동),경기도 성남시 분당구 삼평동 646,분당-353,4,N,37.396508,127.110054,9,8.0,29.0,Y,N,Y,Y
성남시분당구,판교역로,,경기도 성남시 분당구 백현동 산4-23,분당-354,4,N,37.393791,127.109692,9,8.0,29.0,Y,N,Y,Y
성남시분당구,판교역로,경기도 성남시 분당구 판교역로 99 (백현동),경기도 성남시 분당구 백현동 528,분당-355,4,N,37.390226,127.108612,6,8.0,20.0,Y,N,Y,Y
성남시분당구,판교역로,경기도 성남시 분당구 판교역로 75 (백현동),경기도 성남시 분당구 백현동 523,분당-356,4,N,37.387525,127.107668,5,8.0,17.0,Y,N,Y,Y
성남시분당구,판교역로,"경기도 성남시 분당구 판교역로 72 (백현동, 백현마을8단지아파트)",경기도 성남시 분당구 백현동 558,분당-357,4,N,37.386948,127.110638,5,8.0,17.0,Y,N,Y,Y
성남시분당구,판교역로,경기도 성남시 분당구 판교역로 61 (백현동),경기도 성남시 분당구 백현동 527,분당-358,4,N,37.386328,127.108074,4,6.0,14.0,Y,N,Y,N
성남시분당구,판교역로,경기도 성남시 분당구 판교역로 61 (백현동),경기도 성남시 분당구 백현동 527,분당-359,4,N,37.386328,127.108074,4,6.0,14.0,Y,N,Y,Y
성남시분당구,판교역로,"경기도 성남시 분당구 판교역로 49 (백현동, 백현마을 아파트)",경기도 성남시 분당구 백현동 525,분당-360,4,N,37.383248,127.108117,5,8.0,17.0,Y,N,Y,Y
성남시분당구,판교역로,경기도 성남시 분당구 판교역로14번길 15 (백현동),경기도 성남시 분당구 백현동 577,분당-361,4,N,37.385036,127.110998,4,6.0,14.0,Y,N,Y,Y
성남시분당구,판교로319번길,경기도 성남시 분당구 판교로319번길 6 (삼평동),경기도 성남시 분당구 삼평동 701,분당-362,4,N,37.404599,127.109906,4,6.0,14.0,Y,N,Y,Y
성남시분당구,동판교로177번길,경기도 성남시 분당구 동판교로177번길 17 (삼평동),경기도 성남시 분당구 삼평동 739,분당-363,4,N,37.397994,127.11521,4,6.0,14.0,Y,N,Y,Y
성남시분당구,대왕판교로606번길,"경기도 성남시 분당구 동판교로 153 (삼평동, 봇들마을8단지아파트)",경기도 성남시 분당구 삼평동 742,분당-364,4,N,37.395119,127.116063,5,8.0,17.0,Y,N,Y,Y
성남시분당구,대왕판교로606번길,경기도 성남시 분당구 대왕판교로606번길 39 (삼평동),경기도 성남시 분당구 삼평동 651,분당-365,4,N,37.39648,127.111495,9,8.0,29.0,Y,N,Y,Y
성남시분당구,대왕판교로644번길,경기도 성남시 분당구 대왕판교로644번길 43 (삼평동),경기도 성남시 분당구 삼평동 675,분당-366,4,N,37.400114,127.111464,5,8.0,17.0,Y,N,Y,Y
성남시분당구,대왕판교로644번길,경기도 성남시 분당구 대왕판교로644번길 12 (삼평동),경기도 성남시 분당구 삼평동 668,분당-367,4,N,37.399384,127.108594,6,8.0,20.0,Y,N,Y,Y
성남시분당구,대왕판교로645번길,경기도 성남시 분당구 대왕판교로645번길 21 (삼평동),경기도 성남시 분당구 삼평동 637,분당-368,4,N,37.39953,127.103811,5,8.0,17.0,Y,N,Y,Y
성남시분당구,대왕판교로645번길,경기도 성남시 분당구 대왕판교로645번길 36 (삼평동),경기도 성남시 분당구 삼평동 632,분당-369,4,N,37.400379,127.102087,5,8.0,17.0,Y,N,Y,Y
성남시분당구,판교역로146번길,경기도 성남시 분당구 판교역로146번길 8 (백현동),경기도 성남시 분당구 백현동 539,분당-370,4,N,37.393623,127.110746,4,6.0,14.0,Y,N,Y,Y
성남시분당구,판교역로,경기도 성남시 분당구 판교역로 178,경기도 성남시 분당구 삼평동 646,분당-371,2,N,37.396508,127.110054,8,4.0,40.0,Y,N,Y,
성남시분당구,판교로255번길,경기도 성남시 분당구 판교로255번길 21 (삼평동),경기도 성남시 분당구 삼평동 619,분당-372,4,N,37.404446,127.100586,5,8.0,17.0,Y,N,Y,Y
성남시분당구,판교로255번길,경기도 성남시 분당구 판교로 255 (삼평동),경기도 성남시 분당구 삼평동 622,분당-373,4,N,37.403742,127.103047,5,8.0,17.0,Y,N,Y,Y
성남시분당구,판교로255번길,경기도 성남시 분당구 판교로 255 (삼평동),경기도 성남시 분당구 삼평동 622,분당-374,4,N,37.403742,127.103047,5,8.0,17.0,N,N,Y,N
성남시분당구,판교로256번길,경기도 성남시 분당구 판교로256번길 7 (삼평동),경기도 성남시 분당구 삼평동 627,분당-375,4,N,37.402034,127.103466,4,6.0,14.0,Y,N,Y,Y
성남시분당구,판교로256번길,경기도 성남시 분당구 대왕판교로645번길 36 (삼평동),경기도 성남시 분당구 삼평동 632,분당-376,4,N,37.400379,127.102087,4,6.0,14.0,Y,N,Y,Y
성남시분당구,판교로227번길,경기도 성남시 분당구 판교로255번길 9-22 (삼평동),경기도 성남시 분당구 삼평동 618,분당-377,4,N,37.404024,127.10009,4,6.0,14.0,Y,N,Y,Y
성남시분당구,판교로228번길,경기도 성남시 분당구 판교로228번길 15 (삼평동),경기도 성남시 분당구 삼평동 625,분당-378,4,N,37.401634,127.100859,5,8.0,17.0,Y,N,Y,Y
성남시분당구,판교로228번길,경기도 성남시 분당구 판교로228번길 17 (삼평동),경기도 성남시 분당구 삼평동 633,분당-379,4,N,37.400544,127.101345,4,6.0,14.0,Y,N,Y,Y
성남시분당구,판교로228번길,경기도 성남시 분당구 판교로228번길 17 (삼평동),경기도 성남시 분당구 삼평동 633,분당-380,4,N,37.400544,127.101345,4,6.0,14.0,Y,N,Y,Y
성남시분당구,판교로228번길,경기도 성남시 분당구 판교로228번길 88 (백현동),경기도 성남시 분당구 백현동 518,분당-381,4,N,37.393817,127.10315,3,6.0,11.0,Y,N,Y,Y
성남시분당구,판교로228번길,경기도 성남시 분당구 판교로228번길 51 (삼평동),경기도 성남시 분당구 삼평동 634,분당-382,4,N,37.39822,127.102742,3,6.0,11.0,Y,N,Y,Y
성남시분당구,판교로228번길,경기도 성남시 분당구 서판교로66번길 10 (판교동),경기도 성남시 분당구 판교동 560,분당-383,4,N,37.392699,127.099374,2,4.0,8.0,N,N,Y,N
성남시분당구,판교로319번길,경기도 성남시 분당구 판교로289번길 20 (삼평동),경기도 성남시 분당구 삼평동 698,분당-384,4,N,37.40462,127.105814,4,6.0,14.0,Y,N,Y,Y
성남시분당구,대왕판교로,경기도 성남시 분당구 판교로 289 (삼평동),경기도 성남시 분당구 삼평동 694,분당-385,4,N,37.40352,127.106075,8,8.0,26.0,Y,Y,Y,Y
성남시분당구,대왕판교로,경기도 성남시 분당구 대왕판교로 660 (삼평동),경기도 성남시 분당구 삼평동 670,분당-386,4,N,37.400466,127.106813,10,8.0,32.0,Y,N,Y,Y
성남시분당구,대왕판교로,,경기도 성남시 분당구 삼평동 641,분당-387,4,N,37.396982,127.108402,10,8.0,32.0,Y,N,Y,Y
성남시분당구,대왕판교로,경기도 성남시 분당구 대왕판교로645번길 21 (삼평동),경기도 성남시 분당구 삼평동 637,분당-388,4,N,37.39953,127.103811,9,8.0,29.0,Y,Y,Y,Y
성남시분당구,대왕판교로,,경기도 성남시 분당구 판교동 583,분당-389,4,N,37.389144,127.101128,10,8.0,32.0,Y,Y,Y,Y
성남시분당구,대왕판교로,,경기도 성남시 분당구 백현동 455-1,분당-390,4,N,37.382006,127.101461,4,6.0,14.0,Y,N,Y,Y
성남시분당구,대왕판교로,,경기도 성남시 분당구 백현동 406-15,분당-391,4,N,37.37841,127.101809,9,8.0,29.0,Y,N,Y,Y
성남시분당구,대왕판교로,,경기도 성남시 분당구 궁내동 310-3,분당-392,4,N,37.374188,127.101187,9,8.0,29.0,Y,N,Y,Y
성남시분당구,대왕판교로,,경기도 성남시 분당구 궁내동 252-4,분당-393,4,N,37.370535,127.101442,10,8.0,32.0,Y,N,Y,Y
성남시분당구,대왕판교로,,경기도 성남시 분당구 궁내동 205-3,분당-394,4,N,37.369743,127.101366,10,8.0,32.0,Y,N,Y,Y
성남시분당구,대왕판교로,,경기도 성남시 분당구 궁내동 192-7,분당-395,4,N,37.366309,127.101567,9,8.0,29.0,Y,N,Y,Y
성남시분당구,대왕판교로,,경기도 성남시 분당구 궁내동 198-37,분당-396,4,N,37.36335,127.101571,9,8.0,29.0,Y,N,Y,Y
성남시분당구,대왕판교로,,경기도 성남시 분당구 금곡동 323-6,분당-397,4,N,37.357885,127.1014,10,8.0,32.0,Y,N,Y,Y
성남시분당구,대왕판교로,경기도 성남시 분당구 대왕판교로 111 (금곡동),경기도 성남시 분당구 금곡동 364,분당-398,4,N,37.353472,127.10116,10,8.0,32.0,Y,N,Y,Y
성남시분당구,대왕판교로,,경기도 성남시 분당구 동원동 52-2,분당-399,4,N,37.344997,127.101284,6,8.0,20.0,Y,N,Y,N
성남시분당구,대왕판교로,경기도 성남시 분당구 대왕판교로 46 (금곡동),경기도 성남시 분당구 금곡동 481,분당-400,4,N,37.347344,127.102198,2,4.0,8.0,Y,N,Y,N
성남시분당구,대왕판교로,,경기도 성남시 분당구 금곡동 444-139,분당-401,4,N,37.349811,127.102783,2,4.0,8.0,Y,N,Y,N
성남시분당구,동막로,,경기도 성남시 분당구 동원동 182-3,분당-402,4,N,37.352045,127.086302,6,8.0,20.0,Y,N,Y,Y
성남시분당구,동막로,,경기도 성남시 분당구 동원동 산 67-16,분당-403,4,N,37.352502,127.080954,2,4.0,8.0,Y,N,Y,N
성남시분당구,동막로,,경기도 성남시 분당구 대장동 313-1,분당-404,4,N,37.361818,127.067732,2,4.0,8.0,Y,N,Y,N
성남시분당구,동막로,,경기도 성남시 분당구 대장동 320-6,분당-405,4,N,37.359374,127.068049,2,4.0,8.0,Y,N,Y,N
성남시분당구,석운로,,경기도 성남시 분당구 석운동 5-56,분당-406,4,N,37.380219,127.04845,2,4.0,8.0,Y,N,Y,N
성남시분당구,성남대로,,경기도 성남시 분당구 야탑동 488-1,분당-407,1,N,37.411053,127.128729,8,8.0,26.0,Y,N,Y,N
성남시 분당구,예원로,,경기도 성남시 분당구 분당동 63-4,분당-408,1,N,37.369577,127.13425,4,4.0,19.0,Y,N,Y,N
성남시 분당구,돌마로,,경기도 성남시 분당구 정자동 215,분당-409,1,N,37.355032,127.117453,8,8.0,35.0,Y,N,Y,N
성남시 분당구,미금일로,,경기도 성남시 분당구 구미동97-1,분당-410,4,N,37.348597,127.106767,2,4.0,6.5,N,N,Y,N
성남시 분당구,구미로9번길,,경기도 성남시 분당구 구미동197-7,분당-411,4,N,37.338577,127.110205,2,4.0,10.0,N,N,Y,N
성남시 분당구,판교로,,경기도 성남시 분당구 삼평동 721-1,분당-412,4,N,37.403528,127.115571,2,4.0,6.0,N,N,Y,N
성남시 분당구,판교로,,경기도 성남시 분당구 삼평동 721-1,분당-413,4,N,37.403492,127.115694,2,4.0,6.0,N,N,Y,N
성남시 분당구,황새울로359번길,,경기도 성남시 분당구 서현동280-3,분당-414,4,N,37.386812,127.125011,4,4.0,13.0,N,N,Y,N
성남시 분당구,황새울로258번길,,경기도 성남시 분당구 수내동 7-3,분당-415,4,N,37.379668,127.116695,4,4.0,13.0,N,N,Y,N
성남시 분당구,내정로17번길,,경기도 성남시 분당구 정자동 189-7,분당-416,4,N,37.361691,127.113413,2,4.0,8.0,N,N,Y,N
성남시 분당구,대왕판교로,,경기도 성남시 분당구 궁내동197-20,분당-417,99,N,37.36381,127.101406,9,8.0,40.0,Y,N,Y,N
