연번,보호구역아이디,시설종류,대상시설명,시도명,시군구명,시군구코드,소재지도로명주소,소재지지번주소,위도,경도,관리기관명,관리기관전화번호,관할경찰서명,CCTV설치여부,CCTV설치대수,데이터기준일자,이미지명,비고
"1",성남-01-001,초등학교,중원초등학교,경기도,성남시 중원구,"41133",경기도 성남시 중원구 사기막골로31번길 46,경기도 성남시 중원구 상대원동 153,37.4386010000,127.1673010000,경기도 성남시청,"031-729-3672",성남중원경찰서,Y,"3","2022-08-11",성남-01-001-B-01.jpeg,""
"2",성남-01-002,초등학교,하원초등학교,경기도,성남시 중원구,"41133",경기도 성남시 중원구 광명로 396,경기도 성남시 중원구 금광동 2412,37.4463010000,127.1698010000,경기도 성남시청,"031-729-3672",성남중원경찰서,Y,"2","2022-08-25",성남-01-002-B-01.jpeg,""
"3",성남-01-003,초등학교,중부초등학교,경기도,성남시 중원구,"41133",경기도 성남시 중원구 자혜로 55,경기도 성남시 중원구 은행동 1932-7,37.4515460000,127.1649510000,경기도 성남시청,"031-729-3672",성남중원경찰서,Y,"4","2022-08-25",성남-01-003-B-01.jpeg,""
"4",성남-01-004,초등학교,상대원초등학교,경기도,성남시 중원구,"41133",경기도 성남시 중원구 순환로214번길 16,경기도 성남시 중원구 상대원동 54,37.4423820000,127.1815910000,경기도 성남시청,"031-729-3672",성남중원경찰서,Y,"3","2022-08-04",성남-01-004-B-01.jpeg,""
"5",성남-01-005,초등학교,도촌초등학교,경기도,성남시 중원구,"41133",경기도 성남시 중원구 도촌남로 99,경기도 성남시 중원구 도촌동 646,37.4145130000,127.1579690000,경기도 성남시청,"031-729-3672",성남중원경찰서,Y,"4","2022-08-04",성남-01-005-B-01.jpeg,""
"6",성남-01-006,초등학교,구미초등학교,경기도,성남시 분당구,"41135",경기도 성남시 분당구 미금로22번길 25,경기도 성남시 분당구 구미동 215,37.3377560000,127.1183980000,경기도 성남시청,"031-729-3672",분당경찰서,Y,"3","2022-08-26",성남-01-006-B-01.jpeg,""
"7",성남-01-007,초등학교,내정초등학교,경기도,성남시 분당구,"41135",경기도 성남시 분당구 내정로174번길 19,경기도 성남시 분당구 수내동 57,37.3731160000,127.1218260000,경기도 성남시청,"031-729-3672",분당경찰서,Y,"2","2022-08-29",성남-01-007-B-01.jpeg,""
"8",성남-01-008,초등학교,돌마초등학교,경기도,성남시 분당구,"41135",경기도 성남시 분당구 야탑로96번길 7,경기도 성남시 분당구 야탑동 515,37.4090990000,127.1303780000,경기도 성남시청,"031-729-3672",분당경찰서,Y,"3","2022-07-27",성남-01-008-B-01.jpeg,""
"9",성남-01-009,초등학교,성남미금초등학교,경기도,성남시 분당구,"41135",경기도 성남시 분당구 미금로 151,경기도 성남시 분당구 구미동 68,37.3474220000,127.1153030000,경기도 성남시청,"031-729-3672",분당경찰서,Y,"5","2022-08-17",성남-01-009-B-01.jpeg,미금초등학교에서 명칭변경
"10",성남-01-010,초등학교,백현초등학교,경기도,성남시 분당구,"41135",경기도 성남시 분당구 백현로144번길 26,경기도 성남시 분당구 정자동 76,37.3721810000,127.1109530000,경기도 성남시청,"031-729-3672",분당경찰서,Y,"2","2022-08-25",성남-01-010-B-01.jpeg,""
"11",성남-01-011,초등학교,분당초등학교,경기도,성남시 분당구,"41135",경기도 성남시 분당구 중앙공원로32번길 20,경기도 성남시 분당구 서현동 92-1,37.3788270000,127.1294930000,경기도 성남시청,"031-729-3672",분당경찰서,Y,"3","2022-08-31",성남-01-011-B-01.jpeg,""
"12",성남-01-012,초등학교,성남여수초등학교,경기도,성남시 중원구,"41133",경기도 성남시 중원구 여수울로 37,경기도 성남시 중원구 여수동 577,37.4196570000,127.1329780000,경기도 성남시청,"031-729-3672",성남중원경찰서,Y,"5","2022-07-27",성남-01-012-B-01.jpeg,""
"13",성남-01-013,초등학교,탄천초등학교,경기도,성남시 분당구,"41135",경기도 성남시 분당구 내정로 20,경기도 성남시 분당구 정자동 195,37.3618930000,127.1156340000,경기도 성남시청,"031-729-3672",분당경찰서,Y,"3","2022-08-17",성남-01-013-B-01.jpeg,""
"14",성남-01-014,초등학교,하탑초등학교,경기도,성남시 분당구,"41135",경기도 성남시 분당구 양현로 262,경기도 성남시 분당구 야탑동 531,37.4074110000,127.1262560000,경기도 성남시청,"031-729-3672",분당경찰서,Y,"1","2022-08-31",성남-01-014-B-01.jpeg,""
"15",성남-01-015,초등학교,늘푸른초등학교,경기도,성남시 분당구,"41135",경기도 성남시 분당구 정자일로 87,경기도 성남시 분당구 정자동 178-5,37.3581640000,127.1052460000,경기도 성남시청,"031-729-3672",분당경찰서,Y,"3","2022-08-25",성남-01-015-B-01.jpeg,""
"16",성남-01-016,초등학교,보평초등학교,경기도,성남시 분당구,"41135",경기도 성남시 분당구 동판교로 154,경기도 성남시 분당구 삼평동 743,37.3957040000,127.1179220000,경기도 성남시청,"031-729-3672",분당경찰서,Y,"6","2022-07-27",성남-01-016-B-01.jpeg,""
"17",성남-01-017,초등학교,산운초등학교,경기도,성남시 분당구,"41135",경기도 성남시 분당구 판교원로117번길 11,경기도 성남시 분당구 운중동 927,37.3897530000,127.0790050000,경기도 성남시청,"031-729-3672",분당경찰서,Y,"9","2022-09-02",성남-01-017-B-01.jpeg,""
"18",성남-01-018,초등학교,운중초등학교,경기도,성남시 분당구,"41135",경기도 성남시 분당구 운중로45번길 8,경기도 성남시 분당구 운중동 893,37.3922990000,127.0688690000,경기도 성남시청,"031-729-3672",분당경찰서,Y,"10","2022-09-01",성남-01-018-B-01.jpeg,""
"19",성남-01-019,초등학교,낙생초등학교,경기도,성남시 분당구,"41135",경기도 성남시 분당구 서판교로74번길 11,경기도 성남시 분당구 판교동 551,37.3943570000,127.0989140000,경기도 성남시청,"031-729-3672",분당경찰서,Y,"12","2022-08-25",성남-01-019-B-01.jpeg,""
"20",성남-01-020,초등학교,신백현초등학교,경기도,성남시 분당구,"41135",경기도 성남시 분당구 판교역로14번길 42,경기도 성남시 분당구 백현동 559,37.3872110000,127.1119690000,경기도 성남시청,"031-729-3672",분당경찰서,Y,"3","2022-08-11",성남-01-020-B-01.jpeg,""
"21",성남-01-021,초등학교,성남화랑초등학교,경기도,성남시 분당구,"41135",경기도 성남시 분당구 동판교로 77,경기도 성남시 분당구 백현동 547,37.3899120000,127.1160210000,경기도 성남시청,"031-729-3672",분당경찰서,Y,"1","2022-08-29",성남-01-021-B-01.jpeg,""
"22",성남-01-022,초등학교,성남은행초등학교,경기도,성남시 중원구,"41133",경기도 성남시 중원구 순환로447번길 11,경기도 성남시 중원구 은행동 652,37.4611620000,127.1705770000,경기도 성남시청,"031-729-3672",성남중원경찰서,Y,"4","2022-08-04",성남-01-022-B-01.jpeg,""
"23",성남-01-023,초등학교,성남중앙초등학교,경기도,성남시 중원구,"41133",경기도 성남시 중원구 원터로94번길 7,경기도 성남시 중원구 성남동 2580,37.4363290000,127.1436550000,경기도 성남시청,"031-729-3672",성남중원경찰서,Y,"5","2022-08-26",성남-01-023-B-01.jpeg,""
"24",성남-01-024,초등학교,단남초등학교,경기도,성남시 중원구,"41133",경기도 성남시 중원구 광명로300번길 25,경기도 성남시 중원구 금광동 210,37.4424090000,127.1613790000,경기도 성남시청,"031-729-3672",성남중원경찰서,Y,"2","2022-08-22",성남-01-024-B-01.jpeg,""
"25",성남-01-025,초등학교,대원초등학교,경기도,성남시 중원구,"41133",경기도 성남시 중원구 희망로343번길 24,경기도 성남시 중원구 상대원동 4251,37.4371310000,127.1549730000,경기도 성남시청,"031-729-3672",성남중원경찰서,Y,"6","2022-08-31",성남-01-025-B-01.jpeg,""
"26",성남-01-026,초등학교,대일초등학교,경기도,성남시 중원구,"41133",경기도 성남시 중원구 금상로58번길 22,경기도 성남시 중원구 상대원동 2511,37.4384680000,127.1641850000,경기도 성남시청,"031-729-3672",성남중원경찰서,Y,"3","2022-08-11",성남-01-026-B-01.jpeg,""
"27",성남-01-027,초등학교,대하초등학교,경기도,성남시 중원구,"41133",경기도 성남시 중원구 시민로 14,경기도 성남시 중원구 하대원동 167-2,37.4316460000,127.1516040000,경기도 성남시청,"031-729-3672",성남중원경찰서,Y,"3","2022-09-02",성남-01-027-B-01.jpeg,""
"28",성남-01-028,초등학교,성남제일초등학교,경기도,성남시 중원구,"41133",경기도 성남시 중원구 광명로184번길 23,경기도 성남시 중원구 중앙동 2970,37.4384960000,127.1495970000,경기도 성남시청,"031-729-3672",성남중원경찰서,Y,"2","2022-08-31",성남-01-028-B-01.jpeg,""
"29",성남-01-029,초등학교,성남북초등학교,경기도,성남시 수정구,"41131",경기도 성남시 수정구 희망로534번길 3,경기도 성남시 수정구 산성동 2137,37.4515010000,127.1514740000,경기도 성남시청,"031-729-3672",성남수정경찰서,Y,"6","2022-08-17",성남-01-029-B-01.jpeg,""
"30",성남-01-030,초등학교,성남수정초등학교,경기도,성남시 수정구,"41131",경기도 성남시 수정구 제일로123번길 9,경기도 성남시 수정구 수진동 4347,37.4365370000,127.1320130000,경기도 성남시청,"031-729-3672",성남수정경찰서,Y,"6","2022-08-11",성남-01-030-B-01.jpeg,""
"31",성남-01-031,초등학교,수진초등학교,경기도,성남시 수정구,"41131",경기도 성남시 수정구 탄리로95번길 16,경기도 성남시 수정구 태평동 3756,37.4445830000,127.1330280000,경기도 성남시청,"031-729-3672",성남수정경찰서,Y,"10","2022-09-01",성남-01-031-B-01.jpeg,""
"32",성남-01-032,초등학교,희망대초등학교,경기도,성남시 수정구,"41131",경기도 성남시 수정구 공원로370번길 29,경기도 성남시 수정구 신흥동 1232,37.4474190000,127.1486510000,경기도 성남시청,"031-729-3672",성남수정경찰서,Y,"5","2022-08-11",성남-01-032-B-01.jpeg,""
"33",성남-01-033,초등학교,성남서초등학교,경기도,성남시 수정구,"41131",경기도 성남시 수정구 태평로 19,경기도 성남시 수정구 태평동 5090-1,37.4486480000,127.1293070000,경기도 성남시청,"031-729-3672",성남수정경찰서,Y,"4","2022-08-11",성남-01-033-B-01.jpeg,""
"34",성남-01-034,초등학교,성남신흥초등학교,경기도,성남시 수정구,"41131",경기도 성남시 수정구 공원로436번길 17,경기도 성남시 수정구 신흥동 47-3,37.4506060000,127.1434810000,경기도 성남시청,"031-729-3672",성남수정경찰서,Y,"2","2022-08-29",성남-01-034-B-01.jpeg,""
"35",성남-01-035,초등학교,단대초등학교,경기도,성남시 수정구,"41131",경기도 성남시 수정구 단대로 30,경기도 성남시 수정구 단대동 77,37.4536110000,127.1577480000,경기도 성남시청,"031-729-3672",성남수정경찰서,Y,"9","2022-08-04",성남-01-035-B-01.jpeg,""
"36",성남-01-036,초등학교,복정초등학교,경기도,성남시 수정구,"41131",경기도 성남시 수정구 성남대로1480번길 25,경기도 성남시 수정구 복정동 665,37.4621780000,127.1296330000,경기도 성남시청,"031-729-3672",성남수정경찰서,Y,"6","2022-08-25",성남-01-036-B-01.jpeg,""
"37",성남-01-037,초등학교,성남양지초등학교,경기도,성남시 수정구,"41131",경기도 성남시 수정구 논골로36번길 33,경기도 성남시 수정구 양지동 386,37.4598110000,127.1618490000,경기도 성남시청,"031-729-3672",성남수정경찰서,Y,"3","2022-08-29",성남-01-037-B-01.jpeg,""
"38",성남-01-038,초등학교,위례고운초등학교,경기도,성남시 수정구,"41131",경기도 성남시 수정구 위례순환로 155,경기도 성남시 수정구 창곡동 511,37.4715390000,127.1456690000,경기도 성남시청,"031-729-3672",성남수정경찰서,N,"0","2022-08-25",성남-01-038-B-01.jpeg,""
"39",성남-01-039,초등학교,위례한빛초등학교,경기도,성남시 수정구,"41131",경기도 성남시 수정구 위례동로 55,경기도 성남시 수정구 창곡동 570,37.4657660000,127.1470170000,경기도 성남시청,"031-729-3672",성남수정경찰서,Y,"1","2022-09-01",성남-01-039-B-01.jpeg,""
"40",성남-01-040,초등학교,위례푸른초등학교,경기도,성남시 수정구,"41131",경기도 성남시 수정구 위례순환로 205,경기도 성남시 수정구 창곡동 518,37.4708590000,127.1508840000,경기도 성남시청,"031-729-3672",성남수정경찰서,N,"0","2022-08-25",성남-01-040-B-01.jpeg,""
"41",성남-01-041,초등학교,위례중앙초등학교,경기도,성남시 수정구,"41131",경기도 성남시 수정구 위례순환로 71,경기도 성남시 수정구 창곡동 502,37.4721080000,127.1359040000,경기도 성남시청,"031-729-3672",성남수정경찰서,Y,"1","2022-08-25",성남-01-041-B-01.jpeg,""
"42",성남-01-042,초등학교,금상초등학교,경기도,성남시 중원구,"41133",경기도 성남시 중원구 금상로 97,경기도 성남시 중원구 금광동 1645,37.4435990000,127.1659950000,경기도 성남시청,"031-729-3672",성남중원경찰서,Y,"9","2022-08-17",성남-01-042-B-01.jpeg,"운영시각(08:00~09:00,12:00~15:00, 휴교일제외)"
"43",성남-01-043,초등학교,상원초등학교,경기도,성남시 중원구,"41133",경기도 성남시 중원구 은행로 6,경기도 성남시 중원구 은행동 421,37.4538250000,127.1629980000,경기도 성남시청,"031-729-3672",성남중원경찰서,Y,"5","2022-08-29",성남-01-043-B-01.jpeg,""
"44",성남-01-044,초등학교,불정초등학교,경기도,성남시 분당구,"41135",경기도 성남시 분당구 돌마로 250,경기도 성남시 분당구 정자동 203,37.3619610000,127.1199010000,경기도 성남시청,"031-729-3672",분당경찰서,Y,"3","2022-08-26",성남-01-044-B-01.jpeg,""
"45",성남-01-045,초등학교,상탑초등학교,경기도,성남시 분당구,"41135",경기도 성남시 분당구 판교로 647,경기도 성남시 분당구 야탑동 161,37.4063910000,127.1457310000,경기도 성남시청,"031-729-3672",분당경찰서,Y,"2","2022-09-01",성남-01-045-B-01.jpeg,""
"46",성남-01-046,초등학교,서현초등학교,경기도,성남시 분당구,"41135",경기도 성남시 분당구 중앙공원로39번길 12,경기도 성남시 분당구 서현동 87-1,37.3826570000,127.1287160000,경기도 성남시청,"031-729-3672",분당경찰서,Y,"3","2022-08-22",성남-01-046-B-01.jpeg,""
"47",성남-01-047,초등학교,성남신기초등학교,경기도,성남시 분당구,"41135",경기도 성남시 분당구 황새울로 74,경기도 성남시 분당구 정자동 89,37.3670820000,127.1104970000,경기도 성남시청,"031-729-3672",분당경찰서,Y,"3","2022-08-11",성남-01-047-B-01.jpeg,""
"48",성남-01-048,초등학교,성남장안초등학교,경기도,성남시 분당구,"41135",경기도 성남시 분당구 장안로51번길 10,경기도 성남시 분당구 분당동 91,37.3724110000,127.1443680000,경기도 성남시청,"031-729-3672",분당경찰서,Y,"3","2022-08-17",성남-01-048-B-01.jpeg,""
"49",성남-01-049,초등학교,안말초등학교,경기도,성남시 분당구,"41135",경기도 성남시 분당구 양현로 104,경기도 성남시 분당구 이매동 118,37.3932960000,127.1259520000,경기도 성남시청,"031-729-3672",분당경찰서,Y,"2","2022-08-11",성남-01-049-B-01.jpeg,""
"50",성남-01-050,초등학교,야탑초등학교,경기도,성남시 분당구,"41135",경기도 성남시 분당구 양현로 400,경기도 성남시 분당구 야탑동 333,37.4165150000,127.1258120000,경기도 성남시청,"031-729-3672",분당경찰서,Y,"8","2022-07-27",성남-01-050-B-01.jpeg,""
"51",성남-01-051,초등학교,오리초등학교,경기도,성남시 분당구,"41135",경기도 성남시 분당구 미금로 121,경기도 성남시 분당구 구미동 115,37.3443510000,127.1153790000,경기도 성남시청,"031-729-3672",분당경찰서,Y,"3","2022-08-17",성남-01-051-B-01.jpeg,""
"52",성남-01-052,초등학교,이매초등학교,경기도,성남시 분당구,"41135",경기도 성남시 분당구 양현로 146,경기도 성남시 분당구 이매동 112,37.3970610000,127.1261370000,경기도 성남시청,"031-729-3672",분당경찰서,Y,"2","2022-07-27",성남-01-052-B-01.jpeg,""
"53",성남-01-053,초등학교,청솔초등학교,경기도,성남시 분당구,"41135",경기도 성남시 분당구 금곡로 243,경기도 성남시 분당구 금곡동 131,37.3542610000,127.1138860000,경기도 성남시청,"031-729-3672",분당경찰서,Y,"3","2022-08-25",성남-01-053-B-01.jpeg,""
"54",성남-01-054,초등학교,당촌초등학교,경기도,성남시 분당구,"41135",경기도 성남시 분당구 분당로 196,경기도 성남시 분당구 분당동 36,37.3737910000,127.1310840000,경기도 성남시청,"031-729-3672",분당경찰서,Y,"3","2022-08-31",성남-01-054-B-01.jpeg,""
"55",성남-01-055,초등학교,한솔초등학교,경기도,성남시 분당구,"41135",경기도 성남시 분당구 돌마로 303,경기도 성남시 분당구 정자동 113,37.3669420000,127.1179690000,경기도 성남시청,"031-729-3672",분당경찰서,Y,"1","2022-08-26",성남-01-055-B-01.jpeg,""
"56",성남-01-056,초등학교,수내초등학교,경기도,성남시 분당구,"41135",경기도 성남시 분당구 백현로243번길 12,경기도 성남시 분당구 수내동 81,37.3677650000,127.1246630000,경기도 성남시청,"031-729-3672",분당경찰서,Y,"3","2022-08-22",성남-01-056-B-01.jpeg,""
"57",성남-01-057,초등학교,성남송현초등학교,경기도,성남시 분당구,"41135",경기도 성남시 분당구 동판교로 258,경기도 성남시 분당구 삼평동 710,37.4054580000,127.1163460000,경기도 성남시청,"031-729-3672",분당경찰서,Y,"5","2022-09-02",성남-01-057-B-01.jpeg,""
"58",성남-01-058,초등학교,판교초등학교,경기도,성남시 분당구,"41135",경기도 성남시 분당구 판교원로 231,경기도 성남시 분당구 판교동 636,37.3870280000,127.0916830000,경기도 성남시청,"031-729-3672",분당경찰서,Y,"5","2022-09-01",성남-01-058-B-01.jpeg,""
"59",성남-01-059,초등학교,성남동초등학교,경기도,성남시 중원구,"41133",경기도 성남시 중원구 자혜로32번길 10,경기도 성남시 중원구 금광동 3365,37.4492150000,127.1621780000,경기도 성남시청,"031-729-3672",성남중원경찰서,Y,"5","2022-08-22",성남-01-059-B-01.jpeg,"운영시각(08:00~09:00,12:00~15:00, 휴교일제외)"
"60",성남-01-060,초등학교,태평초등학교,경기도,성남시 수정구,"41131",경기도 성남시 수정구 남문로32번길 7,경기도 성남시 수정구 태평동 3743,37.4450040000,127.1311610000,경기도 성남시청,"031-729-3672",성남수정경찰서,Y,"6","2022-08-11",성남-01-060-B-01.jpeg,""
"61",성남-01-061,초등학교,성수초등학교,경기도,성남시 수정구,"41131",경기도 성남시 수정구 모란로 11,경기도 성남시 수정구 수진동 4786,37.4348140000,127.1271980000,경기도 성남시청,"031-729-3672",성남수정경찰서,Y,"9","2022-08-04",성남-01-061-B-01.jpeg,""
"62",성남-01-062,초등학교,금빛초등학교,경기도,성남시 수정구,"41131",경기도 성남시 수정구 남문로 112,경기도 성남시 수정구 태평동 7289,37.4474270000,127.1405850000,경기도 성남시청,"031-729-3672",성남수정경찰서,Y,"7","2022-08-11",성남-01-062-B-01.jpeg,""
"63",성남-01-063,초등학교,왕남초등학교,경기도,성남시 수정구,"41131",경기도 성남시 수정구 대왕판교로959번길 48,경기도 성남시 수정구 고등동 459,37.4285460000,127.0978890000,경기도 성남시청,"031-729-3672",성남수정경찰서,Y,"5","2022-09-02",성남-01-063-B-01.jpeg,""
"64",성남-01-064,초등학교,성남초등학교,경기도,성남시 수정구,"41131",경기도 성남시 수정구 수정로 233,경기도 성남시 수정구 태평동 7326,37.4460850000,127.1441450000,경기도 성남시청,"031-729-3672",성남수정경찰서,Y,"4","2022-08-17",성남-01-064-B-01.jpeg,""
"65",성남-01-065,초등학교,검단초등학교,경기도,성남시 중원구,"41133",경기도 성남시 중원구 원터로 25,경기도 성남시 중원구 하대원동 123,37.4296680000,127.1435980000,경기도 성남시청,"031-729-3672",성남중원경찰서,Y,"4","2022-09-02",성남-01-065-B-01.jpeg,""
"66",성남-01-066,초등학교,불곡초등학교,경기도,성남시 분당구,"41135",경기도 성남시 분당구 무지개로 129,경기도 성남시 분당구 구미동 241,37.3410530000,127.1193540000,경기도 성남시청,"031-729-3672",분당경찰서,Y,"3","2022-08-25",성남-01-066-B-01.jpeg,""
"67",성남-01-067,초등학교,서당초등학교,경기도,성남시 분당구,"41135",경기도 성남시 분당구 돌마로476번길 30,경기도 성남시 분당구 서현동 303,37.3746810000,127.1343440000,경기도 성남시청,"031-729-3672",분당경찰서,Y,"3","2022-08-31",성남-01-067-B-01.jpeg,""
"68",성남-01-068,초등학교,성남매송초등학교,경기도,성남시 분당구,"41135",경기도 성남시 분당구 탄천로 97,경기도 성남시 분당구 이매동 136,37.4019890000,127.1228750000,경기도 성남시청,"031-729-3672",분당경찰서,Y,"3","2022-07-27",성남-01-068-B-01.jpeg,""
"69",성남-01-069,초등학교,성남정자초등학교,경기도,성남시 분당구,"41135",경기도 성남시 분당구 분당수서로 442,경기도 성남시 분당구 정자동 6-2,37.3742810000,127.1055910000,경기도 성남시청,"031-729-3672",분당경찰서,Y,"2","2022-08-25",성남-01-069-B-01.jpeg,""
"70",성남-01-070,초등학교,양영초등학교,경기도,성남시 분당구,"41135",경기도 성남시 분당구 불정로406번길 17,경기도 성남시 분당구 서현동 319,37.3747280000,127.1395180000,경기도 성남시청,"031-729-3672",분당경찰서,Y,"4","2022-08-22",성남-01-070-B-01.jpeg,""
"71",성남-01-071,초등학교,중탑초등학교,경기도,성남시 분당구,"41135",경기도 성남시 분당구 벌말로 68,경기도 성남시 분당구 야탑동 212,37.4139240000,127.1396860000,경기도 성남시청,"031-729-3672",분당경찰서,Y,"2","2022-08-29",성남-01-071-B-01.jpeg,""
"72",성남-01-072,초등학교,초림초등학교,경기도,성남시 분당구,"41135",경기도 성남시 분당구 수내로90번길 26,경기도 성남시 분당구 수내동 35,37.3768260000,127.1175920000,경기도 성남시청,"031-729-3672",분당경찰서,Y,"3","2022-08-31",성남-01-072-B-01.jpeg,""
"73",성남-01-073,초등학교,판교대장초등학교,경기도,성남시 분당구,"41135",경기도 성남시 분당구 판교대장로5길 71,경기도 성남시 분당구 대장동 155,37.3686670000,127.0696210000,경기도 성남시청,"031-729-3672",분당경찰서,Y,"3","2022-08-31",성남-01-073-B-01.jpeg,""
"74",성남-01-074,유치원,별빛유치원,경기도,성남시 수정구,"41131",경기도 성남시 수정구 수정로332번길 6-4,경기도 성남시 수정구 산성동 2120,37.4528850000,127.1500660000,경기도 성남시청,"031-729-3672",성남수정경찰서,Y,"4","2022-08-17",성남-01-074-B-01.jpeg,미래유치원에서 명칭변경
"75",성남-01-075,유치원,성체유치원,경기도,성남시 수정구,"41131",경기도 성남시 수정구 탄리로 31,경기도 성남시 수정구 수진동 664-2,37.4390310000,127.1374470000,경기도 성남시청,"031-729-3672",성남수정경찰서,Y,"4","2022-08-26",성남-01-075-B-01.jpeg,""
"76",성남-01-076,유치원,신흥성모유치원,경기도,성남시 수정구,"41131",경기도 성남시 수정구 공원로 432,경기도 성남시 수정구 신흥동 89,37.4490770000,127.1432420000,경기도 성남시청,"031-729-3672",성남수정경찰서,Y,"3","2022-09-02",성남-01-076-B-01.jpeg,""
"77",성남-01-077,유치원,은솔유치원,경기도,성남시 수정구,"41131",경기도 성남시 수정구 위례서일로1길 24,경기도 성남시 수정구 창곡동 540,37.4678240000,127.1381540000,경기도 성남시청,"031-729-3672",성남수정경찰서,N,"0","2022-08-25",성남-01-077-B-01.jpeg,""
"78",성남-01-078,유치원,위례새초롱유치원,경기도,성남시 수정구,"41131",경기도 성남시 수정구 위례순환로4길 2,경기도 성남시 수정구 창곡동 167-14,37.4696830000,127.1478660000,경기도 성남시청,"031-729-3672",성남수정경찰서,N,"0","2022-08-25",성남-01-078-B-01.jpeg,""
"79",성남-01-079,유치원,위례하늘유치원,경기도,성남시 수정구,"41131",경기도 성남시 수정구 위례동이로 14,경기도 성남시 수정구 창곡동 599,37.4670370000,127.1511340000,경기도 성남시청,"031-729-3672",성남수정경찰서,Y,"1","2022-09-02",성남-01-079-B-01.jpeg,""
"80",성남-01-080,유치원,고등나래유치원,경기도,성남시 수정구,"41131",경기도 성남시 수정구 청계산로2길 34,경기도 성남시 수정구 고등동 598,37.4269690000,127.0964960000,경기도 성남시청,"031-729-3672",성남수정경찰서,N,"0","2022-09-02",성남-01-080-B-01.jpeg,""
"81",성남-01-081,유치원,은서유치원,경기도,성남시 수정구,"41131",경기도 성남시 수정구 탄리로95번길 7-17,경기도 성남시 수정구 태평동 3558,37.4436050000,127.1349770000,경기도 성남시청,"031-729-3672",성남수정경찰서,Y,"4","2022-09-02",성남-01-081-B-01.jpeg,""
"82",성남-01-082,유치원,선경유치원,경기도,성남시 중원구,"41133",경기도 성남시 중원구 자혜로17번길 16,경기도 성남시 중원구 은행동 1932-6,37.4527130000,127.1627810000,경기도 성남시청,"031-729-3672",성남중원경찰서,Y,"4","2022-08-04",성남-01-082-B-01.jpeg,""
"83",성남-01-083,유치원,예원유치원,경기도,성남시 중원구,"41133",경기도 성남시 중원구 원터로93번길 3,경기도 성남시 중원구 성남동 2894,37.4350320000,127.1432010000,경기도 성남시청,"031-729-3672",성남중원경찰서,Y,"5","2022-08-26",성남-01-083-B-01.jpeg,""
"84",성남-01-084,유치원,다솜유치원,경기도,성남시 중원구,"41133",경기도 성남시 중원구 산성대로408번길 48,경기도 성남시 중원구 금광동 3490,37.4479620000,127.1636850000,경기도 성남시청,"031-729-3672",성남중원경찰서,Y,"1","2022-08-22",성남-01-084-B-01.jpeg,폐업
"85",성남-01-085,유치원,도촌유치원,경기도,성남시 중원구,"41133",경기도 성남시 중원구 도촌남로 22-1,경기도 성남시 중원구 도촌동 506,37.4138970000,127.1497750000,경기도 성남시청,"031-729-3672",성남중원경찰서,N,"0","2022-08-04",성남-01-085-B-01.jpeg,""
"86",성남-01-086,유치원,아름다운유치원,경기도,성남시 분당구,"41135",경기도 성남시 분당구 돌마로356번길 31,경기도 성남시 분당구 수내동 74,37.3676520000,127.1254510000,경기도 성남시청,"031-729-3672",분당경찰서,Y,"3","2022-08-22",성남-01-086-B-01.jpeg,""
"87",성남-01-087,유치원,안촌유치원,경기도,성남시 분당구,"41135",경기도 성남시 분당구 느티로 70,경기도 성남시 분당구 정자동 88,37.3683450000,127.1120240000,경기도 성남시청,"031-729-3672",분당경찰서,Y,"1","2022-08-11",성남-01-087-B-01.jpeg,변경
"88",성남-01-088,유치원,세화유치원,경기도,성남시 분당구,"41135",경기도 성남시 분당구 불정로 362,경기도 성남시 분당구 서현동 308,37.3718920000,127.1370710000,경기도 성남시청,"031-729-3672",분당경찰서,Y,"5","2022-08-22",성남-01-088-B-01.jpeg,""
"89",성남-01-089,유치원,분당중앙유치원,경기도,성남시 분당구,"41135",경기도 성남시 분당구 분당로263번길 61,경기도 성남시 분당구 서현동 315-2,37.3734510000,127.1416710000,경기도 성남시청,"031-729-3672",분당경찰서,Y,"1","2022-08-17",성남-01-089-B-01.jpeg,""
"90",성남-01-090,유치원,꿈터유치원,경기도,성남시 분당구,"41135",경기도 성남시 분당구 미금일로 58,경기도 성남시 분당구 구미동 63,37.3475110000,127.1122310000,경기도 성남시청,"031-729-3672",분당경찰서,Y,"1","2022-08-22",성남-01-090-B-01.jpeg,""
"91",성남-01-091,유치원,배성유치원,경기도,성남시 분당구,"41135",경기도 성남시 분당구 판교로 624,경기도 성남시 분당구 야탑동 397-4,37.4059990000,127.1424010000,경기도 성남시청,"031-729-3672",분당경찰서,Y,"1","2022-08-31",성남-01-091-B-01.jpeg,""
"92",성남-01-092,유치원,이솔유치원,경기도,성남시 분당구,"41135",경기도 성남시 분당구 미금로 232,경기도 성남시 분당구 금곡동 133-1,37.3527560000,127.1126020000,경기도 성남시청,"031-729-3672",분당경찰서,Y,"5","2022-08-25",성남-01-092-B-01.jpeg,""
"93",성남-01-093,유치원,분당성모유치원,경기도,성남시 분당구,"41135",경기도 성남시 분당구 구미로130번길 20,경기도 성남시 분당구 구미동 238,37.3400990000,127.1244190000,경기도 성남시청,"031-729-3672",분당경찰서,Y,"4","2022-08-25",성남-01-093-B-01.jpeg,성모유치원에서 명칭 변경
"94",성남-01-094,유치원,판교샘유치원,경기도,성남시 분당구,"41135",경기도 성남시 분당구 산운로 98,경기도 성남시 분당구 운중동 956,37.3929280000,127.0719440000,경기도 성남시청,"031-729-3672",분당경찰서,Y,"1","2022-09-01",성남-01-094-B-01.jpeg,""
"95",성남-01-095,유치원,장안유치원,경기도,성남시 분당구,"41135",경기도 성남시 분당구 장안로25번길 28,경기도 성남시 분당구 분당동 67,37.3708010000,127.1403640000,경기도 성남시청,"031-729-3672",분당경찰서,Y,"1","2022-08-17",성남-01-095-B-01.jpeg,건영장안유치원에서 명칭 변경
"96",성남-01-096,유치원,뽀뽀뽀유치원,경기도,성남시 분당구,"41135",경기도 성남시 분당구 양현로 515,경기도 성남시 분당구 야탑동 207-2,37.4149740000,127.1388040000,경기도 성남시청,"031-729-3672",분당경찰서,Y,"4","2022-08-25",성남-01-096-B-01.jpeg,""
"97",성남-01-097,유치원,창조유치원,경기도,성남시 분당구,"41135",경기도 성남시 분당구 불곡로17번길 7,경기도 성남시 분당구 정자동 240,37.3592610000,127.1247540000,경기도 성남시청,"031-729-3672",분당경찰서,Y,"1","2022-08-26",성남-01-097-B-01.jpeg,""
"98",성남-01-098,유치원,해나유치원,경기도,성남시 분당구,"41135",경기도 성남시 분당구 서판교로44번길 2,경기도 성남시 분당구 판교동 577,37.3904920000,127.0979510000,경기도 성남시청,"031-729-3672",분당경찰서,Y,"1","2022-08-25",성남-01-098-B-01.jpeg,""
"99",성남-01-099,유치원,꾸러기유치원,경기도,성남시 분당구,"41135",경기도 성남시 분당구 양현로 220,경기도 성남시 분당구 이매동 99,37.4037870000,127.1256910000,경기도 성남시청,"031-729-3672",분당경찰서,Y,"5","2022-07-27",성남-01-099-B-01.jpeg,""
"100",성남-01-100,유치원,샛별유치원,경기도,성남시 분당구,"41135",경기도 성남시 분당구 수내로 201,경기도 성남시 분당구 분당동 39,37.3705040000,127.1277110000,경기도 성남시청,"031-729-3672",분당경찰서,Y,"1","2022-08-22",성남-01-100-B-01.jpeg,""
"101",성남-01-101,유치원,성마르코유치원,경기도,성남시 분당구,"41135",경기도 성남시 분당구 매화로37번길 5,경기도 성남시 분당구 야탑동 389,37.4108320000,127.1331820000,경기도 성남시청,"031-729-3672",분당경찰서,Y,"1","2022-07-27",성남-01-101-B-01.jpeg,""
"102",성남-01-102,유치원,동명유치원,경기도,성남시 분당구,"41135",경기도 성남시 분당구 이매로 88,경기도 성남시 분당구 이매동 262-2,37.3933980000,127.1301620000,경기도 성남시청,"031-729-3672",분당경찰서,Y,"1","2022-08-25",성남-01-102-B-01.jpeg,"샛별유치원중복, 신규"
"103",성남-01-103,유치원,은혜유치원,경기도,성남시 분당구,"41135",경기도 성남시 분당구 내정로7번길 24,경기도 성남시 분당구 정자동 144,37.3609080000,127.1119460000,경기도 성남시청,"031-729-3672",분당경찰서,Y,"1","2022-08-17",성남-01-103-B-01.jpeg,""
"104",성남-01-104,유치원,숲리라유치원,경기도,성남시 수정구,"41131",경기도 성남시 분당구 서판교로132번길 12,경기도 성남시 수정구 판교동 532-1,37.3985720000,127.0974590000,경기도 성남시청,"031-729-3672",분당경찰서,Y,"1","2022-08-25",성남-01-104-B-01.jpeg,""
"105",성남-01-105,유치원,즐거운유치원,경기도,성남시 분당구,"41135",경기도 성남시 분당구 미금로 215,경기도 성남시 분당구 금곡동 141,37.3514080000,127.1119410000,경기도 성남시청,"031-729-3672",분당경찰서,Y,"1","2022-08-22",성남-01-105-B-01.jpeg,""
"106",성남-01-106,유치원,희영유치원,경기도,성남시 분당구,"41135",경기도 성남시 분당구 동판교로 49,경기도 성남시 분당구 백현동 553-2,37.3882940000,127.1141860000,경기도 성남시청,"031-729-3672",분당경찰서,N,"0","2022-08-29",성남-01-106-B-01.jpeg,""
"107",성남-01-107,유치원,혜성유치원,경기도,성남시 중원구,"41133",경기도 성남시 중원구 광명로 308,경기도 성남시 중원구 금광동 351,37.4445090000,127.1602520000,경기도 성남시청,"031-729-3672",성남중원경찰서,N,"0","2022-08-22",성남-01-107-B-01.jpeg,""
"108",성남-01-108,어린이집,단대어린이집,경기도,성남시 수정구,"41131",경기도 성남시 수정구 희망로506번길 21,경기도 성남시 수정구 단대동 129,37.4496450000,127.1556650000,경기도 성남시청,"031-729-3672",성남수정경찰서,Y,"1","2022-08-17",성남-01-108-B-01.jpeg,""
"109",성남-01-109,어린이집,산성어린이집,경기도,성남시 수정구,"41131",경기도 성남시 수정구 수정남로 269,경기도 성남시 수정구 산성동 2115,37.4530070000,127.1503870000,경기도 성남시청,"031-729-3672",성남수정경찰서,Y,"4","2022-08-17",성남-01-109-B-01.jpeg,""
"110",성남-01-110,어린이집,태평4동어린이집,경기도,성남시 수정구,"41131",경기도 성남시 수정구 남문로 134,경기도 성남시 수정구 태평동 7292,37.4477020000,127.1414850000,경기도 성남시청,"031-729-3672",성남수정경찰서,Y,"1","2022-08-11",성남-01-110-B-01.jpeg,성남어린이집에서 명칭변경
"111",성남-01-111,어린이집,수진동어린이집,경기도,성남시 수정구,"41131",경기도 성남시 수정구 탄리로17번길 6,경기도 성남시 수정구 수진동 1921,37.4384540000,127.1387150000,경기도 성남시청,"031-729-3672",성남수정경찰서,Y,"1","2022-08-26",성남-01-111-B-01.jpeg,성현어린이집에서 명칭변경
"112",성남-01-112,어린이집,신흥제2어린이집,경기도,성남시 수정구,"41131",경기도 성남시 수정구 수정로257번길 18,경기도 성남시 수정구 신흥동 50,37.4492020000,127.1444130000,경기도 성남시청,"031-729-3672",성남수정경찰서,Y,"1","2022-08-29",성남-01-112-B-01.jpeg,""
"113",성남-01-113,어린이집,리틀플러스어린이집,경기도,성남시 수정구,"41131",경기도 성남시 수정구 성남대로1250번길 7-2,경기도 성남시 수정구 태평동 6151-3,37.4418110000,127.1283840000,경기도 성남시청,"031-729-3672",성남수정경찰서,Y,"1","2022-08-04",성남-01-113-B-01.jpeg,리플플러스어린이집에서 변경
"114",성남-01-114,어린이집,한양어린이집,경기도,성남시 수정구,"41131",경기도 성남시 수정구 성남대로 1185,경기도 성남시 수정구 수진동 4615-1,37.4355940000,127.1281010000,경기도 성남시청,"031-729-3672",성남수정경찰서,Y,"1","2022-08-04",성남-01-114-B-01.jpeg,폐업
"115",성남-01-115,어린이집,신흥제3어린이집,경기도,성남시 수정구,"41131",경기도 성남시 수정구 공원로349번길 8,경기도 성남시 수정구 신흥동 2819,37.4435310000,127.1488540000,경기도 성남시청,"031-729-3672",성남수정경찰서,Y,"1","2022-08-11",성남-01-115-B-01.jpeg,""
"116",성남-01-116,어린이집,복정어린이집,경기도,성남시 수정구,"41131",경기도 성남시 수정구 복정로96번길 30-1,경기도 성남시 수정구 복정동 667,37.4611290000,127.1304880000,경기도 성남시청,"031-729-3672",성남수정경찰서,Y,"4","2022-08-25",성남-01-116-B-01.jpeg,""
"117",성남-01-117,어린이집,복정2어린이집,경기도,성남시 수정구,"41131",경기도 성남시 수정구 복정로118번길 20,경기도 성남시 수정구 복정동 657-1,37.4632640000,127.1291260000,경기도 성남시청,"031-729-3672",성남수정경찰서,N,"0","2022-08-25",성남-01-117-B-01.jpeg,""
"118",성남-01-118,어린이집,아이세상어린이집,경기도,성남시 수정구,"41131",경기도 성남시 수정구 수정로135번길5-1,경기도 성남시 수정구 태평동 3660,37.4422010000,127.1347790000,경기도 성남시청,"031-729-3672",성남수정경찰서,N,"0","2022-09-02",성남-01-118-B-01.jpeg,""
"119",성남-01-119,어린이집,다솜어린이집,경기도,성남시 중원구,"41133",경기도 성남시 중원구 박석로 14,경기도 성남시 중원구 상대원동 1125-11,37.4340040000,127.1660960000,경기도 성남시청,"031-729-3672",성남중원경찰서,Y,"1","2022-08-26",성남-01-119-B-01.jpeg,""
"120",성남-01-120,어린이집,중앙동어린이집,경기도,성남시 중원구,"41133",경기도 성남시 중원구 광명로264번길 9,경기도 성남시 중원구 중앙동 709,37.4426710000,127.1565550000,경기도 성남시청,"031-729-3672",성남중원경찰서,Y,"1","2022-08-22",성남-01-120-B-01.jpeg,""
"121",성남-01-121,어린이집,금광2어린이집,경기도,성남시 중원구,"41133",경기도 성남시 중원구 산성대로420번길 36,경기도 성남시 중원구 금광동 3386,37.4484320000,127.1630310000,경기도 성남시청,"031-729-3672",성남중원경찰서,Y,"1","2022-08-25",성남-01-121-B-01.jpeg,금광2동제2어린이집에서 명칭변경
"122",성남-01-122,어린이집,하대원어린이집,경기도,성남시 중원구,"41133",경기도 성남시 중원구 마지로155번길 27,경기도 성남시 중원구 하대원동 155-8,37.4278380000,127.1494290000,경기도 성남시청,"031-729-3672",성남중원경찰서,Y,"1","2022-09-02",성남-01-122-B-01.jpeg,""
"123",성남-01-123,어린이집,서광어린이집,경기도,성남시 분당구,"41135",경기도 성남시 분당구 판교로 685,경기도 성남시 분당구 야탑동 152,37.4057020000,127.1494810000,경기도 성남시청,"031-729-3672",분당경찰서,Y,"4","2022-08-22",성남-01-123-B-01.jpeg,""
"124",성남-01-124,어린이집,분당동어린이집,경기도,성남시 분당구,"41135",경기도 성남시 분당구 장안로26번길 12,경기도 성남시 분당구 분당동 156,37.3685980000,127.1432740000,경기도 성남시청,"031-729-3672",분당경찰서,Y,"1","2022-08-17",성남-01-124-B-01.jpeg,분당어린이집에서 명칭변경
"125",성남-01-125,어린이집,판교어린이집,경기도,성남시 분당구,"41135",경기도 성남시 분당구 판교원로 200,경기도 성남시 분당구 판교동 632,37.3859480000,127.0882070000,경기도 성남시청,"031-729-3672",분당경찰서,Y,"1","2022-09-01",성남-01-125-B-01.jpeg,""
"126",성남-01-126,어린이집,서현어린이집,경기도,성남시 분당구,"41135",경기도 성남시 분당구 중앙공원로31번길 32,경기도 성남시 분당구 서현동 89-4,37.3824470000,127.1260790000,경기도 성남시청,"031-729-3672",분당경찰서,Y,"4","2022-08-22",성남-01-126-B-01.jpeg,""
"127",성남-01-127,어린이집,성남숲어린이집,경기도,성남시 분당구,"41135",경기도 성남시 분당구 내정로119번길 2,경기도 성남시 분당구 정자동 52,37.3710250000,127.1152530000,경기도 성남시청,"031-729-3672",분당경찰서,Y,"1","2022-08-25",성남-01-127-B-01.jpeg,성남생명숲어린이집에서 명칭 변경
"128",성남-01-128,어린이집,갈보리어린이집,경기도,성남시 분당구,"41135",경기도 성남시 분당구 이매로 132,경기도 성남시 분당구 이매동 360-1,37.3905330000,127.1342170000,경기도 성남시청,"031-729-3672",분당경찰서,Y,"3","2022-08-25",성남-01-128-B-01.jpeg,폐업
"129",성남-01-129,어린이집,푸르니궁내어린이집,경기도,성남시 분당구,"41135",경기도 성남시 분당구 궁내로 52,경기도 성남시 분당구 궁내동 350-5,37.3703580000,127.0958810000,경기도 성남시청,"031-729-3672",분당경찰서,N,"0","2022-08-31",성남-01-129-B-01.jpeg,휴맥스어린이집에서 명칭변경
"130",성남-01-130,어린이집,더늘사랑어린이집,경기도,성남시 분당구,"41135",경기도 성남시 분당구 야탑로 20,경기도 성남시 분당구 야탑동 536,37.4072950000,127.1232990000,경기도 성남시청,"031-729-3672",분당경찰서,Y,"1","2022-08-31",성남-01-130-B-01.jpeg,""
"131",성남-01-131,어린이집,삼평어린이집,경기도,성남시 분당구,"41135",경기도 성남시 분당구 동판교로 268,경기도 성남시 분당구 삼평동 711,37.4061090000,127.1158360000,경기도 성남시청,"031-729-3672",분당경찰서,Y,"1","2022-08-31",성남-01-131-B-01.jpeg,""
"132",성남-01-132,어린이집,판교제2어린이집,경기도,성남시 분당구,"41135",경기도 성남시 분당구 운중로225번길 37,경기도 성남시 분당구 판교동 553,37.3916710000,127.0911060000,경기도 성남시청,"031-729-3672",분당경찰서,Y,"1","2022-09-01",성남-01-132-B-01.jpeg,""
"133",성남-01-133,어린이집,수내동어린이집,경기도,성남시 분당구,"41135",경기도 성남시 분당구 황새울로240번길 10-5,경기도 성남시 분당구 수내동 12-3,37.3790990000,127.1147140000,경기도 성남시청,"031-729-3672",분당경찰서,Y,"1","2022-08-26",성남-01-133-B-01.jpeg,""
"134",성남-01-134,어린이집,구미동어린이집,경기도,성남시 분당구,"41135",경기도 성남시 분당구 금곡로25번길 10,경기도 성남시 분당구 구미동 119,37.3445380000,127.1123190000,경기도 성남시청,"031-729-3672",분당경찰서,N,"0","2022-08-22",성남-01-134-B-01.jpeg,""
"135",성남-01-135,어린이집,야탑보듬이나눔이어린이집,경기도,성남시 분당구,"41135",경기도 성남시 분당구 야탑로 303,경기도 성남시 분당구 야탑동 195,37.4064550000,127.1517890000,경기도 성남시청,"031-729-3672",분당경찰서,N,"0","2022-08-22",성남-01-135-B-01.jpeg,신규
"136",성남-01-136,어린이집,예림어린이집,경기도,성남시 수정구,"41131",경기도 성남시 수정구 산성대로437번길 7,경기도 성남시 수정구 단대동 100,37.4492190000,127.1577660000,경기도 성남시청,"031-729-3672",성남수정경찰서,N,"0","2022-08-29",성남-01-136-B-01.jpeg,""
"137",성남-01-137,특수학교,성남혜은학교,경기도,성남시 수정구,"41131",경기도 성남시 수정구 희망로518번길 8,경기도 성남시 수정구 단대동 192,37.4503960000,127.1539220000,경기도 성남시청,"031-729-3672",성남수정경찰서,Y,"4","2022-08-17",성남-01-137-B-01.jpeg,""
"138",성남-01-138,특수학교,성은학교,경기도,성남시 분당구,"41135",경기도 성남시 분당구 돌마로 866,경기도 성남시 분당구 야탑동 172,37.4091220000,127.1439520000,경기도 성남시청,"031-729-3672",분당경찰서,Y,"4","2022-09-07",성남-01-138-B-01.jpeg,성은특수학교에서 명칭변경
"139",성남-01-139,특수학교,서울국제학교,경기도,성남시 수정구,"41131",경기도 성남시 수정구 성남대로1518번길 15,경기도 성남시 수정구 복정동 388-14,37.4660840000,127.1289880000,경기도 성남시청,"031-729-3672",성남수정경찰서,N,"0","2022-08-25",성남-01-139-B-01.jpeg,""
"140",성남-01-140,학원,KDLP창의샘,경기도,성남시 분당구,"41135",경기도 성남시 분당구 서현로 181,경기도 성남시 분당구 이매동 124,37.3894930000,127.1249110000,경기도 성남시청,"031-729-3672",분당경찰서,N,"0","2022-08-11",성남-01-140-B-01.jpeg,케이디엘피어학원에서 명칭변경
"141",성남-01-141,유치원,판교반디유치원,경기도,성남시 분당구,"41135",경기도 성남시 분당구 판교대장로5길 57-9,경기도 성남시 분당구 대장동 198-2,37.3670830000,127.0697630000,경기도 성남시청,"031-729-3672",분당경찰서,Y,"1","2022-08-31",성남-01-141-B-01.jpeg,신규
"142",성남-02-001,노인여가복지시설,수정노인종합복지관,경기도,성남시 수정구,"41131",경기도 성남시 수정구 수정남로268번길 28,경기도 성남시 수정구 산성동 2178,37.4509350000,127.1529220000,경기도 성남시청,"031-729-3672",성남수정경찰서,N,"0","2022-08-17",성남-02-001-B-01.jpeg,""
"143",성남-02-002,노인여가복지시설,수정중앙노인종합복지관,경기도,성남시 수정구,"41131",경기도 성남시 수정구 성남대로1480번길 38,경기도 성남시 수정구 복정동 666,37.4615040000,127.1304320000,경기도 성남시청,"031-729-3672",성남수정경찰서,N,"0","2022-08-25",성남-02-002-B-01.jpeg,""
"144",성남-02-003,노인여가복지시설,인보의집,경기도,성남시 수정구,"41131",경기도 성남시 수정구 탄리로 49,경기도 성남시 수정구 수진동 661,37.4404250000,127.1367470000,경기도 성남시청,"031-729-3672",성남수정경찰서,Y,"1","2022-08-26",성남-02-003-B-01.jpeg,노인공동생활가정
"145",성남-02-004,노인여가복지시설,신흥3동제2경로당,경기도,성남시 수정구,"41131",경기도 성남시 수정구 수정남로 142,경기도 성남시 수정구 신흥동 3444,37.4433390000,127.1432250000,경기도 성남시청,"031-729-3672",성남수정경찰서,Y,"1","2022-08-17",성남-02-004-B-01.jpeg,""
"146",성남-02-005,노인여가복지시설,황송노인종합복지관,경기도,성남시 중원구,"41133",경기도 성남시 중원구 금상로 132,경기도 성남시 중원구 상대원동 279-7,37.4418180000,127.1691960000,경기도 성남시청,"031-729-3672",성남중원경찰서,N,"0","2022-08-04",성남-02-005-B-01.jpeg,""
"147",성남-02-006,도시공원,황송공원,경기도,성남시 중원구,"41133",경기도 성남시 중원구 금빛로2번길 35,경기도 성남시 중원구 금광동 2449-1,37.4447620000,127.1728570000,경기도 성남시청,"031-729-3672",성남중원경찰서,N,"0","2022-08-04",성남-02-006-B-01.jpeg,""
"148",성남-02-007,노인여가복지시설,상대원2동제2복지회관,경기도,성남시 중원구,"41133",경기도 성남시 중원구 희망로 374,경기도 성남시 중원구 상대원동 2996-36,37.4389550000,127.1589180000,경기도 성남시청,"031-729-3672",성남중원경찰서,N,"0","2022-08-17",성남-02-007-B-01.jpeg,""
"149",성남-02-008,노인여가복지시설,중원노인종합복지관,경기도,성남시 중원구,"41133",경기도 성남시 중원구 제일로35번길 51,경기도 성남시 중원구 성남동 3439,37.4320030000,127.1315510000,경기도 성남시청,"031-729-3672",성남중원경찰서,N,"0","2022-08-11",성남-02-008-B-01.jpeg,""
"150",성남-02-009,노인주거복지시설,서울시니어스타워,경기도,성남시 분당구,"41135",경기도 성남시 분당구 구미로173번길 47,경기도 성남시 분당구 구미동 297-2,37.3472410000,127.1234690000,경기도 성남시청,"031-729-3672",분당경찰서,N,"0","2022-08-31",성남-02-009-B-01.jpeg,""
"151",성남-02-010,노인여가복지시설,판교노인종합복지관,경기도,성남시 분당구,"41135",경기도 성남시 분당구 판교역로 99,경기도 성남시 분당구 백현동 528,37.3902270000,127.1086110000,경기도 성남시청,"031-729-3672",분당경찰서,N,"0","2022-08-11",성남-02-010-B-01.jpeg,""
"152",성남-02-011,노인여가복지시설,율동경로당,경기도,성남시 분당구,"41135",경기도 성남시 분당구 문정로 150,경기도 성남시 분당구 율동 111-8,37.3831410000,127.1511250000,경기도 성남시청,"031-729-3672",분당경찰서,N,"0","2022-08-31",성남-02-011-B-01.jpeg,""
"153",성남-02-012,노인여가복지시설,은행1동공원경로당,경기도,성남시 중원구,"41133",경기도 성남시 중원구 은행로 77,경기도 성남시 중원구 은행동 2021,37.4526120000,127.1686320000,경기도 성남시청,"031-729-3672",성남중원경찰서,N,"0","2022-09-02",성남-02-012-B-01.jpeg,폐업
"154",성남-02-013,노인여가복지시설,은행2동제1복지회관,경기도,성남시 중원구,"41133",경기도 성남시 중원구 산성대로604번길 6,경기도 성남시 중원구 은행동 597,37.4625350000,127.1702180000,경기도 성남시청,"031-729-3672",성남중원경찰서,N,"0","2022-08-04",성남-02-013-B-01.jpeg,은행2동제1복지회관경로당에서 명칭변경
"155",성남-02-014,노인여가복지시설,태평2동복지회관,경기도,성남시 수정구,"41131",경기도 성남시 수정구 남문로111번길3,경기도 성남시 수정구 태평동 2645,37.4477130000,127.1386420000,경기도 성남시청,"031-729-3672",성남수정경찰서,N,"0","2022-08-11",성남-02-014-B-01.jpeg,은빛경로당에서 명칭변경
"156",성남-02-015,노인여가복지시설,대한노인회 성남시수정구지회,경기도,성남시 수정구,"41131",경기도 성남시 수정구 희망로482번길 13,경기도 성남시 수정구 단대동 186-2,37.4479660000,127.1557790000,경기도 성남시청,"031-729-3672",성남수정경찰서,N,"0","2022-08-17",성남-02-015-B-01.jpeg,단대경로당에서 명칭변경
"157",성남-02-016,노인여가복지시설,상대원3경로당,경기도,성남시 중원구,"41133",경기도 성남시 중원구 박석로80번길 10,경기도 성남시 중원구 상대원동 870,37.4400150000,127.1662170000,경기도 성남시청,"031-729-3672",성남중원경찰서,N,"0","2022-08-11",성남-02-016-B-01.jpeg,상대원3동복지회관경로당에서 명칭변경
"158",성남-02-017,노인여가복지시설,백현2통경로당,경기도,성남시 분당구,"41135",경기도 성남시 분당구 대왕판교로385번길 7,경기도 성남시 분당구 백현동 366-7,37.3780050000,127.1010270000,경기도 성남시청,"031-729-3672",분당경찰서,N,"0","2022-08-31",성남-02-017-B-01.jpeg,폐업(백현2동경로당)
"159",성남-03-001,장애인생활시설,성남시한마음복지관,경기도,성남시 분당구,"41135",경기도 성남시 분당구 야탑로 227,경기도 성남시 분당구 야탑동 170-1,37.4082280000,127.1441530000,경기도 성남시청,"031-729-3672",분당경찰서,N,"0","2022-09-01",성남-03-001-B-01.jpeg,한마음복지관에서 명칭변경
