연번,위도,경도,보호구역아이디,시도명,시군구명,대상시설명,관할경찰서명,데이터기준일자,이미지명,비고
"1",37.4390890000,127.1679330000,성남-01-001,경기도,성남시 중원구,중원초등학교,성남중원경찰서,"2022-08-11",성남-01-001-F-01.jpeg,""
"2",37.4378120000,127.1668790000,성남-01-001,경기도,성남시 중원구,중원초등학교,성남중원경찰서,"2022-08-11",성남-01-001-F-02.jpeg,""
"3",37.4471410000,127.1690390000,성남-01-002,경기도,성남시 중원구,하원초등학교,성남중원경찰서,"2022-08-25",성남-01-002-F-01.jpeg,""
"4",37.4474620000,127.1706610000,성남-01-002,경기도,성남시 중원구,하원초등학교,성남중원경찰서,"2022-08-25",성남-01-002-F-02.jpeg,""
"5",37.4475870000,127.1712290000,성남-01-002,경기도,성남시 중원구,하원초등학교,성남중원경찰서,"2022-08-25",성남-01-002-F-03.jpeg,""
"6",37.4464680000,127.1691450000,성남-01-002,경기도,성남시 중원구,하원초등학교,성남중원경찰서,"2022-08-25",성남-01-002-F-04.jpeg,""
"7",37.4459220000,127.1686120000,성남-01-002,경기도,성남시 중원구,하원초등학교,성남중원경찰서,"2022-08-25",성남-01-002-F-05.jpeg,""
"8",37.4469410000,127.1687330000,성남-01-002,경기도,성남시 중원구,하원초등학교,성남중원경찰서,"2022-08-25",성남-01-002-F-06.jpeg,""
"9",37.4468080000,127.1681170000,성남-01-002,경기도,성남시 중원구,하원초등학교,성남중원경찰서,"2022-08-25",성남-01-002-F-07.jpeg,""
"10",37.4502730000,127.1660210000,성남-01-003,경기도,성남시 중원구,중부초등학교,성남중원경찰서,"2022-08-25",성남-01-003-F-01.jpeg,""
"11",37.4505520000,127.1660490000,성남-01-003,경기도,성남시 중원구,중부초등학교,성남중원경찰서,"2022-08-25",성남-01-003-F-02.jpeg,""
"12",37.4512080000,127.1672260000,성남-01-003,경기도,성남시 중원구,중부초등학교,성남중원경찰서,"2022-08-25",성남-01-003-F-03.jpeg,""
"13",37.4509710000,127.1661970000,성남-01-003,경기도,성남시 중원구,중부초등학교,성남중원경찰서,"2022-08-25",성남-01-003-F-04.jpeg,""
"14",37.4513140000,127.1655870000,성남-01-003,경기도,성남시 중원구,중부초등학교,성남중원경찰서,"2022-08-25",성남-01-003-F-05.jpeg,""
"15",37.4508120000,127.1653910000,성남-01-003,경기도,성남시 중원구,중부초등학교,성남중원경찰서,"2022-08-25",성남-01-003-F-06.jpeg,""
"16",37.4506170000,127.1645010000,성남-01-003,경기도,성남시 중원구,중부초등학교,성남중원경찰서,"2022-08-25",성남-01-003-F-07.jpeg,""
"17",37.4503710000,127.1633420000,성남-01-003,경기도,성남시 중원구,중부초등학교,성남중원경찰서,"2022-08-25",성남-01-003-F-08.jpeg,""
"18",37.4502280000,127.1626150000,성남-01-003,경기도,성남시 중원구,중부초등학교,성남중원경찰서,"2022-08-25",성남-01-003-F-09.jpeg,""
"19",37.4501650000,127.1627030000,성남-01-003,경기도,성남시 중원구,중부초등학교,성남중원경찰서,"2022-08-25",성남-01-003-F-10.jpeg,""
"20",37.4503120000,127.1635110000,성남-01-003,경기도,성남시 중원구,중부초등학교,성남중원경찰서,"2022-08-25",성남-01-003-F-11.jpeg,""
"21",37.4504350000,127.1640030000,성남-01-003,경기도,성남시 중원구,중부초등학교,성남중원경찰서,"2022-08-25",성남-01-003-F-12.jpeg,""
"22",37.4499730000,127.1662510000,성남-01-003,경기도,성남시 중원구,중부초등학교,성남중원경찰서,"2022-08-25",성남-01-003-F-13.jpeg,""
"23",37.4427880000,127.1809910000,성남-01-004,경기도,성남시 중원구,상대원초등학교,성남중원경찰서,"2022-08-04",성남-01-004-F-01.jpeg,""
"24",37.4435420000,127.1812890000,성남-01-004,경기도,성남시 중원구,상대원초등학교,성남중원경찰서,"2022-08-04",성남-01-004-F-02.jpeg,""
"25",37.4438410000,127.1806570000,성남-01-004,경기도,성남시 중원구,상대원초등학교,성남중원경찰서,"2022-08-04",성남-01-004-F-03.jpeg,""
"26",37.4438610000,127.1797270000,성남-01-004,경기도,성남시 중원구,상대원초등학교,성남중원경찰서,"2022-08-04",성남-01-004-F-04.jpeg,""
"27",37.4420610000,127.1791240000,성남-01-004,경기도,성남시 중원구,상대원초등학교,성남중원경찰서,"2022-08-04",성남-01-004-F-05.jpeg,""
"28",37.4417890000,127.1804630000,성남-01-004,경기도,성남시 중원구,상대원초등학교,성남중원경찰서,"2022-08-04",성남-01-004-F-06.jpeg,""
"29",37.4426240000,127.1805010000,성남-01-004,경기도,성남시 중원구,상대원초등학교,성남중원경찰서,"2022-08-04",성남-01-004-F-07.jpeg,""
"30",37.4411420000,127.1791280000,성남-01-004,경기도,성남시 중원구,상대원초등학교,성남중원경찰서,"2022-08-04",성남-01-004-F-08.jpeg,""
"31",37.4140120000,127.1570850000,성남-01-005,경기도,성남시 중원구,도촌초등학교,성남중원경찰서,"2022-08-04",성남-01-005-F-01.jpeg,""
"32",37.4139080000,127.1577230000,성남-01-005,경기도,성남시 중원구,도촌초등학교,성남중원경찰서,"2022-08-04",성남-01-005-F-02.jpeg,""
"33",37.4143550000,127.1588590000,성남-01-005,경기도,성남시 중원구,도촌초등학교,성남중원경찰서,"2022-08-04",성남-01-005-F-03.jpeg,""
"34",37.4139810000,127.1587150000,성남-01-005,경기도,성남시 중원구,도촌초등학교,성남중원경찰서,"2022-08-04",성남-01-005-F-04.jpeg,""
"35",37.4136280000,127.1583580000,성남-01-005,경기도,성남시 중원구,도촌초등학교,성남중원경찰서,"2022-08-04",성남-01-005-F-05.jpeg,""
"36",37.4139020000,127.1585030000,성남-01-005,경기도,성남시 중원구,도촌초등학교,성남중원경찰서,"2022-08-04",성남-01-005-F-06.jpeg,""
"37",37.4134670000,127.1587220000,성남-01-005,경기도,성남시 중원구,도촌초등학교,성남중원경찰서,"2022-08-04",성남-01-005-F-07.jpeg,""
"38",37.4134310000,127.1586370000,성남-01-005,경기도,성남시 중원구,도촌초등학교,성남중원경찰서,"2022-08-04",성남-01-005-F-08.jpeg,""
"39",37.4137750000,127.1576980000,성남-01-005,경기도,성남시 중원구,도촌초등학교,성남중원경찰서,"2022-08-04",성남-01-005-F-09.jpeg,""
"40",37.3364150000,127.1170080000,성남-01-006,경기도,성남시 분당구,구미초등학교,분당경찰서,"2022-08-26",성남-01-006-F-01.jpeg,""
"41",37.3376820000,127.1162450000,성남-01-006,경기도,성남시 분당구,구미초등학교,분당경찰서,"2022-08-26",성남-01-006-F-02.jpeg,""
"42",37.3400180000,127.1160770000,성남-01-006,경기도,성남시 분당구,구미초등학교,분당경찰서,"2022-08-26",성남-01-006-F-03.jpeg,""
"43",37.3384950000,127.1160290000,성남-01-006,경기도,성남시 분당구,구미초등학교,분당경찰서,"2022-08-26",성남-01-006-F-04.jpeg,""
"44",37.3380540000,127.1135970000,성남-01-006,경기도,성남시 분당구,구미초등학교,분당경찰서,"2022-08-26",성남-01-006-F-05.jpeg,""
"45",37.3380540000,127.1156420000,성남-01-006,경기도,성남시 분당구,구미초등학교,분당경찰서,"2022-08-26",성남-01-006-F-06.jpeg,""
"46",37.3380790000,127.1171220000,성남-01-006,경기도,성남시 분당구,구미초등학교,분당경찰서,"2022-08-26",성남-01-006-F-07.jpeg,""
"47",37.3380740000,127.1187090000,성남-01-006,경기도,성남시 분당구,구미초등학교,분당경찰서,"2022-08-26",성남-01-006-F-08.jpeg,""
"48",37.3388490000,127.1203380000,성남-01-006,경기도,성남시 분당구,구미초등학교,분당경찰서,"2022-08-26",성남-01-006-F-09.jpeg,""
"49",37.3386470000,127.1200270000,성남-01-006,경기도,성남시 분당구,구미초등학교,분당경찰서,"2022-08-26",성남-01-006-F-10.jpeg,""
"50",37.3383320000,127.1193270000,성남-01-006,경기도,성남시 분당구,구미초등학교,분당경찰서,"2022-08-26",성남-01-006-F-11.jpeg,""
"51",37.3381690000,127.1180040000,성남-01-006,경기도,성남시 분당구,구미초등학교,분당경찰서,"2022-08-26",성남-01-006-F-12.jpeg,""
"52",37.3381840000,127.1165650000,성남-01-006,경기도,성남시 분당구,구미초등학교,분당경찰서,"2022-08-26",성남-01-006-F-13.jpeg,""
"53",37.3376490000,127.1190470000,성남-01-006,경기도,성남시 분당구,구미초등학교,분당경찰서,"2022-08-26",성남-01-006-F-14.jpeg,""
"54",37.3376490000,127.1190070000,성남-01-006,경기도,성남시 분당구,구미초등학교,분당경찰서,"2022-08-26",성남-01-006-F-15.jpeg,""
"55",37.3371540000,127.1190770000,성남-01-006,경기도,성남시 분당구,구미초등학교,분당경찰서,"2022-08-26",성남-01-006-F-16.jpeg,""
"56",37.3728010000,127.1213570000,성남-01-007,경기도,성남시 분당구,내정초등학교,분당경찰서,"2022-08-29",성남-01-007-F-01.jpeg,""
"57",37.3712540000,127.1227770000,성남-01-007,경기도,성남시 분당구,내정초등학교,분당경찰서,"2022-08-29",성남-01-007-F-02.jpeg,""
"58",37.4098410000,127.1308130000,성남-01-008,경기도,성남시 분당구,돌마초등학교,분당경찰서,"2022-07-27",성남-01-008-F-01.jpeg,""
"59",37.4089190000,127.1294510000,성남-01-008,경기도,성남시 분당구,돌마초등학교,분당경찰서,"2022-07-27",성남-01-008-F-02.jpeg,""
"60",37.4094820000,127.1294510000,성남-01-008,경기도,성남시 분당구,돌마초등학교,분당경찰서,"2022-07-27",성남-01-008-F-03.jpeg,""
"61",37.4097830000,127.1302210000,성남-01-008,경기도,성남시 분당구,돌마초등학교,분당경찰서,"2022-07-27",성남-01-008-F-04.jpeg,""
"62",37.4097410000,127.1308230000,성남-01-008,경기도,성남시 분당구,돌마초등학교,분당경찰서,"2022-07-27",성남-01-008-F-05.jpeg,""
"63",37.4097610000,127.1314120000,성남-01-008,경기도,성남시 분당구,돌마초등학교,분당경찰서,"2022-07-27",성남-01-008-F-06.jpeg,""
"64",37.3501370000,127.1159480000,성남-01-009,경기도,성남시 분당구,성남미금초등학교,분당경찰서,"2022-08-17",성남-01-009-F-01.jpeg,""
"65",37.3487580000,127.1160030000,성남-01-009,경기도,성남시 분당구,성남미금초등학교,분당경찰서,"2022-08-17",성남-01-009-F-02.jpeg,""
"66",37.3467610000,127.1160290000,성남-01-009,경기도,성남시 분당구,성남미금초등학교,분당경찰서,"2022-08-17",성남-01-009-F-03.jpeg,""
"67",37.3483120000,127.1161880000,성남-01-009,경기도,성남시 분당구,성남미금초등학교,분당경찰서,"2022-08-17",성남-01-009-F-04.jpeg,""
"68",37.3465210000,127.1164780000,성남-01-009,경기도,성남시 분당구,성남미금초등학교,분당경찰서,"2022-08-17",성남-01-009-F-05.jpeg,""
"69",37.3464150000,127.1157250000,성남-01-009,경기도,성남시 분당구,성남미금초등학교,분당경찰서,"2022-08-17",성남-01-009-F-06.jpeg,""
"70",37.3712270000,127.1117280000,성남-01-010,경기도,성남시 분당구,백현초등학교,분당경찰서,"2022-08-25",성남-01-010-F-01.jpeg,""
"71",37.3712130000,127.1118180000,성남-01-010,경기도,성남시 분당구,백현초등학교,분당경찰서,"2022-08-25",성남-01-010-F-02.jpeg,""
"72",37.3714790000,127.1118460000,성남-01-010,경기도,성남시 분당구,백현초등학교,분당경찰서,"2022-08-25",성남-01-010-F-03.jpeg,""
"73",37.3714610000,127.1119370000,성남-01-010,경기도,성남시 분당구,백현초등학교,분당경찰서,"2022-08-25",성남-01-010-F-04.jpeg,""
"74",37.3720110000,127.1123040000,성남-01-010,경기도,성남시 분당구,백현초등학교,분당경찰서,"2022-08-25",성남-01-010-F-05.jpeg,""
"75",37.3721270000,127.1124290000,성남-01-010,경기도,성남시 분당구,백현초등학교,분당경찰서,"2022-08-25",성남-01-010-F-06.jpeg,""
"76",37.3720810000,127.1125130000,성남-01-010,경기도,성남시 분당구,백현초등학교,분당경찰서,"2022-08-25",성남-01-010-F-07.jpeg,""
"77",37.3720740000,127.1121010000,성남-01-010,경기도,성남시 분당구,백현초등학교,분당경찰서,"2022-08-25",성남-01-010-F-08.jpeg,""
"78",37.3716460000,127.1119680000,성남-01-010,경기도,성남시 분당구,백현초등학교,분당경찰서,"2022-08-25",성남-01-010-F-09.jpeg,""
"79",37.3716310000,127.1120330000,성남-01-010,경기도,성남시 분당구,백현초등학교,분당경찰서,"2022-08-25",성남-01-010-F-10.jpeg,""
"80",37.3715150000,127.1122830000,성남-01-010,경기도,성남시 분당구,백현초등학교,분당경찰서,"2022-08-25",성남-01-010-F-11.jpeg,""
"81",37.3791270000,127.1303740000,성남-01-011,경기도,성남시 분당구,분당초등학교,분당경찰서,"2022-08-31",성남-01-011-F-01.jpeg,""
"82",37.3780450000,127.1318630000,성남-01-011,경기도,성남시 분당구,분당초등학교,분당경찰서,"2022-08-31",성남-01-011-F-02.jpeg,""
"83",37.4188170000,127.1314810000,성남-01-012,경기도,성남시 중원구,성남여수초등학교,성남중원경찰서,"2022-07-27",성남-01-012-F-01.jpeg,""
"84",37.4189640000,127.1323810000,성남-01-012,경기도,성남시 중원구,성남여수초등학교,성남중원경찰서,"2022-07-27",성남-01-012-F-02.jpeg,""
"85",37.4192910000,127.1323830000,성남-01-012,경기도,성남시 중원구,성남여수초등학교,성남중원경찰서,"2022-07-27",성남-01-012-F-03.jpeg,""
"86",37.4197280000,127.1323840000,성남-01-012,경기도,성남시 중원구,성남여수초등학교,성남중원경찰서,"2022-07-27",성남-01-012-F-04.jpeg,""
"87",37.4197280000,127.1324180000,성남-01-012,경기도,성남시 중원구,성남여수초등학교,성남중원경찰서,"2022-07-27",성남-01-012-F-05.jpeg,""
"88",37.4195030000,127.1324460000,성남-01-012,경기도,성남시 중원구,성남여수초등학교,성남중원경찰서,"2022-07-27",성남-01-012-F-06.jpeg,""
"89",37.4192910000,127.1324230000,성남-01-012,경기도,성남시 중원구,성남여수초등학교,성남중원경찰서,"2022-07-27",성남-01-012-F-07.jpeg,""
"90",37.4189640000,127.1324160000,성남-01-012,경기도,성남시 중원구,성남여수초등학교,성남중원경찰서,"2022-07-27",성남-01-012-F-08.jpeg,""
"91",37.4188120000,127.1331790000,성남-01-012,경기도,성남시 중원구,성남여수초등학교,성남중원경찰서,"2022-07-27",성남-01-012-F-09.jpeg,""
"92",37.4187860000,127.1347970000,성남-01-012,경기도,성남시 중원구,성남여수초등학교,성남중원경찰서,"2022-07-27",성남-01-012-F-10.jpeg,""
"93",37.4186180000,127.1358730000,성남-01-012,경기도,성남시 중원구,성남여수초등학교,성남중원경찰서,"2022-07-27",성남-01-012-F-11.jpeg,""
"94",37.4187050000,127.1347880000,성남-01-012,경기도,성남시 중원구,성남여수초등학교,성남중원경찰서,"2022-07-27",성남-01-012-F-12.jpeg,""
"95",37.4187290000,127.1331790000,성남-01-012,경기도,성남시 중원구,성남여수초등학교,성남중원경찰서,"2022-07-27",성남-01-012-F-13.jpeg,""
"96",37.4187350000,127.1314810000,성남-01-012,경기도,성남시 중원구,성남여수초등학교,성남중원경찰서,"2022-07-27",성남-01-012-F-14.jpeg,""
"97",37.4180170000,127.1338750000,성남-01-012,경기도,성남시 중원구,성남여수초등학교,성남중원경찰서,"2022-07-27",성남-01-012-F-15.jpeg,""
"98",37.4180170000,127.1339930000,성남-01-012,경기도,성남시 중원구,성남여수초등학교,성남중원경찰서,"2022-07-27",성남-01-012-F-16.jpeg,""
"99",37.3614250000,127.1149530000,성남-01-013,경기도,성남시 분당구,탄천초등학교,분당경찰서,"2022-08-17",성남-01-013-F-01.jpeg,""
"100",37.3619890000,127.1147220000,성남-01-013,경기도,성남시 분당구,탄천초등학교,분당경찰서,"2022-08-17",성남-01-013-F-02.jpeg,""
"101",37.3616650000,127.1134970000,성남-01-013,경기도,성남시 분당구,탄천초등학교,분당경찰서,"2022-08-17",성남-01-013-F-03.jpeg,""
"102",37.3617420000,127.1135210000,성남-01-013,경기도,성남시 분당구,탄천초등학교,분당경찰서,"2022-08-17",성남-01-013-F-04.jpeg,""
"103",37.3617130000,127.1138340000,성남-01-013,경기도,성남시 분당구,탄천초등학교,분당경찰서,"2022-08-17",성남-01-013-F-05.jpeg,""
"104",37.3617550000,127.1145410000,성남-01-013,경기도,성남시 분당구,탄천초등학교,분당경찰서,"2022-08-17",성남-01-013-F-06.jpeg,""
"105",37.3616640000,127.1145410000,성남-01-013,경기도,성남시 분당구,탄천초등학교,분당경찰서,"2022-08-17",성남-01-013-F-07.jpeg,""
"106",37.4055350000,127.1274550000,성남-01-014,경기도,성남시 분당구,하탑초등학교,분당경찰서,"2022-08-31",성남-01-014-F-01.jpeg,""
"107",37.4053370000,127.1269810000,성남-01-014,경기도,성남시 분당구,하탑초등학교,분당경찰서,"2022-08-31",성남-01-014-F-02.jpeg,""
"108",37.4053510000,127.1268110000,성남-01-014,경기도,성남시 분당구,하탑초등학교,분당경찰서,"2022-08-31",성남-01-014-F-03.jpeg,""
"109",37.4074270000,127.1253320000,성남-01-014,경기도,성남시 분당구,하탑초등학교,분당경찰서,"2022-08-31",성남-01-014-F-04.jpeg,""
"110",37.3569440000,127.1059470000,성남-01-015,경기도,성남시 분당구,늘푸른초등학교,분당경찰서,"2022-08-25",성남-01-015-F-01.jpeg,""
"111",37.3573410000,127.1060630000,성남-01-015,경기도,성남시 분당구,늘푸른초등학교,분당경찰서,"2022-08-25",성남-01-015-F-02.jpeg,""
"112",37.3577840000,127.1059340000,성남-01-015,경기도,성남시 분당구,늘푸른초등학교,분당경찰서,"2022-08-25",성남-01-015-F-03.jpeg,""
"113",37.3580950000,127.1059340000,성남-01-015,경기도,성남시 분당구,늘푸른초등학교,분당경찰서,"2022-08-25",성남-01-015-F-04.jpeg,""
"114",37.3581020000,127.1060510000,성남-01-015,경기도,성남시 분당구,늘푸른초등학교,분당경찰서,"2022-08-25",성남-01-015-F-05.jpeg,""
"115",37.3588770000,127.1059380000,성남-01-015,경기도,성남시 분당구,늘푸른초등학교,분당경찰서,"2022-08-25",성남-01-015-F-06.jpeg,""
"116",37.3588750000,127.1060540000,성남-01-015,경기도,성남시 분당구,늘푸른초등학교,분당경찰서,"2022-08-25",성남-01-015-F-07.jpeg,""
"117",37.3593310000,127.1059390000,성남-01-015,경기도,성남시 분당구,늘푸른초등학교,분당경찰서,"2022-08-25",성남-01-015-F-08.jpeg,""
"118",37.3593270000,127.1060350000,성남-01-015,경기도,성남시 분당구,늘푸른초등학교,분당경찰서,"2022-08-25",성남-01-015-F-09.jpeg,""
"119",37.3959890000,127.1169180000,성남-01-016,경기도,성남시 분당구,보평초등학교,분당경찰서,"2022-07-27",성남-01-016-F-01.jpeg,""
"120",37.3961890000,127.1174210000,성남-01-016,경기도,성남시 분당구,보평초등학교,분당경찰서,"2022-07-27",성남-01-016-F-02.jpeg,""
"121",37.3962360000,127.1174210000,성남-01-016,경기도,성남시 분당구,보평초등학교,분당경찰서,"2022-07-27",성남-01-016-F-03.jpeg,""
"122",37.3961770000,127.1183870000,성남-01-016,경기도,성남시 분당구,보평초등학교,분당경찰서,"2022-07-27",성남-01-016-F-04.jpeg,""
"123",37.3953590000,127.1184220000,성남-01-016,경기도,성남시 분당구,보평초등학교,분당경찰서,"2022-07-27",성남-01-016-F-05.jpeg,""
"124",37.3944110000,127.1184860000,성남-01-016,경기도,성남시 분당구,보평초등학교,분당경찰서,"2022-07-27",성남-01-016-F-06.jpeg,""
"125",37.3947930000,127.1167240000,성남-01-016,경기도,성남시 분당구,보평초등학교,분당경찰서,"2022-07-27",성남-01-016-F-07.jpeg,""
"126",37.3950560000,127.1167240000,성남-01-016,경기도,성남시 분당구,보평초등학교,분당경찰서,"2022-07-27",성남-01-016-F-08.jpeg,""
"127",37.3946370000,127.1169270000,성남-01-016,경기도,성남시 분당구,보평초등학교,분당경찰서,"2022-07-27",성남-01-016-F-09.jpeg,""
"128",37.3957690000,127.1185020000,성남-01-016,경기도,성남시 분당구,보평초등학교,분당경찰서,"2022-07-27",성남-01-016-F-10.jpeg,""
"129",37.3957690000,127.1184230000,성남-01-016,경기도,성남시 분당구,보평초등학교,분당경찰서,"2022-07-27",성남-01-016-F-11.jpeg,""
"130",37.3961750000,127.1168140000,성남-01-016,경기도,성남시 분당구,보평초등학교,분당경찰서,"2022-07-27",성남-01-016-F-12.jpeg,""
"131",37.3953590000,127.1185010000,성남-01-016,경기도,성남시 분당구,보평초등학교,분당경찰서,"2022-07-27",성남-01-016-F-13.jpeg,""
"132",37.3962170000,127.1184660000,성남-01-016,경기도,성남시 분당구,보평초등학교,분당경찰서,"2022-07-27",성남-01-016-F-14.jpeg,""
"133",37.3947660000,127.1184970000,성남-01-016,경기도,성남시 분당구,보평초등학교,분당경찰서,"2022-07-27",성남-01-016-F-15.jpeg,""
"134",37.3907760000,127.0792960000,성남-01-017,경기도,성남시 분당구,산운초등학교,분당경찰서,"2022-09-02",성남-01-017-F-01.jpeg,""
"135",37.3906810000,127.0795020000,성남-01-017,경기도,성남시 분당구,산운초등학교,분당경찰서,"2022-09-02",성남-01-017-F-02.jpeg,""
"136",37.3906070000,127.0798310000,성남-01-017,경기도,성남시 분당구,산운초등학교,분당경찰서,"2022-09-02",성남-01-017-F-03.jpeg,""
"137",37.3902970000,127.0811710000,성남-01-017,경기도,성남시 분당구,산운초등학교,분당경찰서,"2022-09-02",성남-01-017-F-04.jpeg,""
"138",37.3901930000,127.0815770000,성남-01-017,경기도,성남시 분당구,산운초등학교,분당경찰서,"2022-09-02",성남-01-017-F-05.jpeg,""
"139",37.3903850000,127.0813570000,성남-01-017,경기도,성남시 분당구,산운초등학교,분당경찰서,"2022-09-02",성남-01-017-F-06.jpeg,""
"140",37.3896890000,127.0811410000,성남-01-017,경기도,성남시 분당구,산운초등학교,분당경찰서,"2022-09-02",성남-01-017-F-07.jpeg,""
"141",37.3895880000,127.0808250000,성남-01-017,경기도,성남시 분당구,산운초등학교,분당경찰서,"2022-09-02",성남-01-017-F-08.jpeg,""
"142",37.3894570000,127.0808450000,성남-01-017,경기도,성남시 분당구,산운초등학교,분당경찰서,"2022-09-02",성남-01-017-F-09.jpeg,""
"143",37.3892710000,127.0811310000,성남-01-017,경기도,성남시 분당구,산운초등학교,분당경찰서,"2022-09-02",성남-01-017-F-10.jpeg,""
"144",37.3887750000,127.0809340000,성남-01-017,경기도,성남시 분당구,산운초등학교,분당경찰서,"2022-09-02",성남-01-017-F-11.jpeg,""
"145",37.3886610000,127.0809540000,성남-01-017,경기도,성남시 분당구,산운초등학교,분당경찰서,"2022-09-02",성남-01-017-F-12.jpeg,""
"146",37.3886760000,127.0808810000,성남-01-017,경기도,성남시 분당구,산운초등학교,분당경찰서,"2022-09-02",성남-01-017-F-13.jpeg,""
"147",37.3888540000,127.0806490000,성남-01-017,경기도,성남시 분당구,산운초등학교,분당경찰서,"2022-09-02",성남-01-017-F-14.jpeg,""
"148",37.3889460000,127.0806890000,성남-01-017,경기도,성남시 분당구,산운초등학교,분당경찰서,"2022-09-02",성남-01-017-F-15.jpeg,""
"149",37.3885710000,127.0805920000,성남-01-017,경기도,성남시 분당구,산운초등학교,분당경찰서,"2022-09-02",성남-01-017-F-16.jpeg,""
"150",37.3886150000,127.0806350000,성남-01-017,경기도,성남시 분당구,산운초등학교,분당경찰서,"2022-09-02",성남-01-017-F-17.jpeg,""
"151",37.3886690000,127.0800480000,성남-01-017,경기도,성남시 분당구,산운초등학교,분당경찰서,"2022-09-02",성남-01-017-F-18.jpeg,""
"152",37.3887260000,127.0800730000,성남-01-017,경기도,성남시 분당구,산운초등학교,분당경찰서,"2022-09-02",성남-01-017-F-19.jpeg,""
"153",37.3889070000,127.0788590000,성남-01-017,경기도,성남시 분당구,산운초등학교,분당경찰서,"2022-09-02",성남-01-017-F-20.jpeg,""
"154",37.3889710000,127.0789080000,성남-01-017,경기도,성남시 분당구,산운초등학교,분당경찰서,"2022-09-02",성남-01-017-F-21.jpeg,""
"155",37.3892750000,127.0769630000,성남-01-017,경기도,성남시 분당구,산운초등학교,분당경찰서,"2022-09-02",성남-01-017-F-22.jpeg,""
"156",37.3893360000,127.0769740000,성남-01-017,경기도,성남시 분당구,산운초등학교,분당경찰서,"2022-09-02",성남-01-017-F-23.jpeg,""
"157",37.3890150000,127.0755280000,성남-01-017,경기도,성남시 분당구,산운초등학교,분당경찰서,"2022-09-02",성남-01-017-F-24.jpeg,""
"158",37.3894990000,127.0755710000,성남-01-017,경기도,성남시 분당구,산운초등학교,분당경찰서,"2022-09-02",성남-01-017-F-25.jpeg,""
"159",37.3915120000,127.0686260000,성남-01-018,경기도,성남시 분당구,운중초등학교,분당경찰서,"2022-09-01",성남-01-018-F-01.jpeg,""
"160",37.3910640000,127.0680110000,성남-01-018,경기도,성남시 분당구,운중초등학교,분당경찰서,"2022-09-01",성남-01-018-F-02.jpeg,""
"161",37.3918590000,127.0680070000,성남-01-018,경기도,성남시 분당구,운중초등학교,분당경찰서,"2022-09-01",성남-01-018-F-03.jpeg,""
"162",37.3918530000,127.0680870000,성남-01-018,경기도,성남시 분당구,운중초등학교,분당경찰서,"2022-09-01",성남-01-018-F-04.jpeg,""
"163",37.3920880000,127.0680380000,성남-01-018,경기도,성남시 분당구,운중초등학교,분당경찰서,"2022-09-01",성남-01-018-F-05.jpeg,""
"164",37.3920830000,127.0681190000,성남-01-018,경기도,성남시 분당구,운중초등학교,분당경찰서,"2022-09-01",성남-01-018-F-06.jpeg,""
"165",37.3922510000,127.0681490000,성남-01-018,경기도,성남시 분당구,운중초등학교,분당경찰서,"2022-09-01",성남-01-018-F-07.jpeg,""
"166",37.3922580000,127.0680750000,성남-01-018,경기도,성남시 분당구,운중초등학교,분당경찰서,"2022-09-01",성남-01-018-F-08.jpeg,""
"167",37.3926650000,127.0666230000,성남-01-018,경기도,성남시 분당구,운중초등학교,분당경찰서,"2022-09-01",성남-01-018-F-09.jpeg,""
"168",37.3926460000,127.0668310000,성남-01-018,경기도,성남시 분당구,운중초등학교,분당경찰서,"2022-09-01",성남-01-018-F-10.jpeg,""
"169",37.3926070000,127.0674390000,성남-01-018,경기도,성남시 분당구,운중초등학교,분당경찰서,"2022-09-01",성남-01-018-F-11.jpeg,""
"170",37.3925840000,127.0674390000,성남-01-018,경기도,성남시 분당구,운중초등학교,분당경찰서,"2022-09-01",성남-01-018-F-12.jpeg,""
"171",37.3927660000,127.0687740000,성남-01-018,경기도,성남시 분당구,운중초등학교,분당경찰서,"2022-09-01",성남-01-018-F-13.jpeg,""
"172",37.3928220000,127.0687220000,성남-01-018,경기도,성남시 분당구,운중초등학교,분당경찰서,"2022-09-01",성남-01-018-F-14.jpeg,""
"173",37.3929710000,127.0692110000,성남-01-018,경기도,성남시 분당구,운중초등학교,분당경찰서,"2022-09-01",성남-01-018-F-15.jpeg,""
"174",37.3930150000,127.0691680000,성남-01-018,경기도,성남시 분당구,운중초등학교,분당경찰서,"2022-09-01",성남-01-018-F-16.jpeg,""
"175",37.3930370000,127.0694460000,성남-01-018,경기도,성남시 분당구,운중초등학교,분당경찰서,"2022-09-01",성남-01-018-F-17.jpeg,""
"176",37.3930930000,127.0694280000,성남-01-018,경기도,성남시 분당구,운중초등학교,분당경찰서,"2022-09-01",성남-01-018-F-18.jpeg,""
"177",37.3929780000,127.0702040000,성남-01-018,경기도,성남시 분당구,운중초등학교,분당경찰서,"2022-09-01",성남-01-018-F-19.jpeg,""
"178",37.3929750000,127.0702540000,성남-01-018,경기도,성남시 분당구,운중초등학교,분당경찰서,"2022-09-01",성남-01-018-F-20.jpeg,""
"179",37.3919160000,127.0696270000,성남-01-018,경기도,성남시 분당구,운중초등학교,분당경찰서,"2022-09-01",성남-01-018-F-21.jpeg,""
"180",37.3919520000,127.0696310000,성남-01-018,경기도,성남시 분당구,운중초등학교,분당경찰서,"2022-09-01",성남-01-018-F-22.jpeg,""
"181",37.3928580000,127.0692130000,성남-01-018,경기도,성남시 분당구,운중초등학교,분당경찰서,"2022-09-01",성남-01-018-F-23.jpeg,""
"182",37.3931150000,127.0701690000,성남-01-018,경기도,성남시 분당구,운중초등학교,분당경찰서,"2022-09-01",성남-01-018-F-24.jpeg,""
"183",37.3931710000,127.0701760000,성남-01-018,경기도,성남시 분당구,운중초등학교,분당경찰서,"2022-09-01",성남-01-018-F-25.jpeg,""
"184",37.3925950000,127.0983030000,성남-01-019,경기도,성남시 분당구,낙생초등학교,분당경찰서,"2022-08-25",성남-01-019-F-01.jpeg,""
"185",37.3945030000,127.0982350000,성남-01-019,경기도,성남시 분당구,낙생초등학교,분당경찰서,"2022-08-25",성남-01-019-F-02.jpeg,""
"186",37.3947260000,127.0986650000,성남-01-019,경기도,성남시 분당구,낙생초등학교,분당경찰서,"2022-08-25",성남-01-019-F-03.jpeg,""
"187",37.3947130000,127.0999660000,성남-01-019,경기도,성남시 분당구,낙생초등학교,분당경찰서,"2022-08-25",성남-01-019-F-04.jpeg,""
"188",37.3948770000,127.0981180000,성남-01-019,경기도,성남시 분당구,낙생초등학교,분당경찰서,"2022-08-25",성남-01-019-F-05.jpeg,""
"189",37.3948280000,127.1002460000,성남-01-019,경기도,성남시 분당구,낙생초등학교,분당경찰서,"2022-08-25",성남-01-019-F-06.jpeg,""
"190",37.3945780000,127.1003270000,성남-01-019,경기도,성남시 분당구,낙생초등학교,분당경찰서,"2022-08-25",성남-01-019-F-07.jpeg,""
"191",37.3934920000,127.1001450000,성남-01-019,경기도,성남시 분당구,낙생초등학교,분당경찰서,"2022-08-25",성남-01-019-F-08.jpeg,""
"192",37.3927310000,127.0999970000,성남-01-019,경기도,성남시 분당구,낙생초등학교,분당경찰서,"2022-08-25",성남-01-019-F-09.jpeg,""
"193",37.3924790000,127.0998020000,성남-01-019,경기도,성남시 분당구,낙생초등학교,분당경찰서,"2022-08-25",성남-01-019-F-10.jpeg,""
"194",37.3929410000,127.0997520000,성남-01-019,경기도,성남시 분당구,낙생초등학교,분당경찰서,"2022-08-25",성남-01-019-F-11.jpeg,""
"195",37.3927350000,127.0986480000,성남-01-019,경기도,성남시 분당구,낙생초등학교,분당경찰서,"2022-08-25",성남-01-019-F-12.jpeg,""
"196",37.3937240000,127.0997560000,성남-01-019,경기도,성남시 분당구,낙생초등학교,분당경찰서,"2022-08-25",성남-01-019-F-13.jpeg,""
"197",37.3934720000,127.0995070000,성남-01-019,경기도,성남시 분당구,낙생초등학교,분당경찰서,"2022-08-25",성남-01-019-F-14.jpeg,""
"198",37.3863440000,127.1116810000,성남-01-020,경기도,성남시 분당구,신백현초등학교,분당경찰서,"2022-08-11",성남-01-020-F-01.jpeg,""
"199",37.3878560000,127.1106070000,성남-01-020,경기도,성남시 분당구,신백현초등학교,분당경찰서,"2022-08-11",성남-01-020-F-02.jpeg,""
"200",37.3880050000,127.1111840000,성남-01-020,경기도,성남시 분당구,신백현초등학교,분당경찰서,"2022-08-11",성남-01-020-F-03.jpeg,""
"201",37.3880450000,127.1116470000,성남-01-020,경기도,성남시 분당구,신백현초등학교,분당경찰서,"2022-08-11",성남-01-020-F-04.jpeg,""
"202",37.3876170000,127.1113550000,성남-01-020,경기도,성남시 분당구,신백현초등학교,분당경찰서,"2022-08-11",성남-01-020-F-05.jpeg,""
"203",37.3872230000,127.1113520000,성남-01-020,경기도,성남시 분당구,신백현초등학교,분당경찰서,"2022-08-11",성남-01-020-F-06.jpeg,""
"204",37.3868310000,127.1113570000,성남-01-020,경기도,성남시 분당구,신백현초등학교,분당경찰서,"2022-08-11",성남-01-020-F-07.jpeg,""
"205",37.3907710000,127.1167310000,성남-01-021,경기도,성남시 분당구,성남화랑초등학교,분당경찰서,"2022-08-29",성남-01-021-F-01.jpeg,""
"206",37.3902490000,127.1169020000,성남-01-021,경기도,성남시 분당구,성남화랑초등학교,분당경찰서,"2022-08-29",성남-01-021-F-02.jpeg,""
"207",37.3887710000,127.1163520000,성남-01-021,경기도,성남시 분당구,성남화랑초등학교,분당경찰서,"2022-08-29",성남-01-021-F-03.jpeg,""
"208",37.3881290000,127.1154060000,성남-01-021,경기도,성남시 분당구,성남화랑초등학교,분당경찰서,"2022-08-29",성남-01-021-F-04.jpeg,""
"209",37.3884980000,127.1158350000,성남-01-021,경기도,성남시 분당구,성남화랑초등학교,분당경찰서,"2022-08-29",성남-01-021-F-05.jpeg,""
"210",37.3893040000,127.1165450000,성남-01-021,경기도,성남시 분당구,성남화랑초등학교,분당경찰서,"2022-08-29",성남-01-021-F-06.jpeg,""
"211",37.3878380000,127.1132490000,성남-01-021,경기도,성남시 분당구,성남화랑초등학교,분당경찰서,"2022-08-29",성남-01-021-F-07.jpeg,""
"212",37.4616980000,127.1706480000,성남-01-022,경기도,성남시 중원구,성남은행초등학교,성남중원경찰서,"2022-08-04",성남-01-022-F-01.jpeg,""
"213",37.4614740000,127.1709360000,성남-01-022,경기도,성남시 중원구,성남은행초등학교,성남중원경찰서,"2022-08-04",성남-01-022-F-02.jpeg,""
"214",37.4607560000,127.1706520000,성남-01-022,경기도,성남시 중원구,성남은행초등학교,성남중원경찰서,"2022-08-04",성남-01-022-F-03.jpeg,""
"215",37.4602770000,127.1700740000,성남-01-022,경기도,성남시 중원구,성남은행초등학교,성남중원경찰서,"2022-08-04",성남-01-022-F-04.jpeg,""
"216",37.4602550000,127.1699840000,성남-01-022,경기도,성남시 중원구,성남은행초등학교,성남중원경찰서,"2022-08-04",성남-01-022-F-05.jpeg,""
"217",37.4599460000,127.1696230000,성남-01-022,경기도,성남시 중원구,성남은행초등학교,성남중원경찰서,"2022-08-04",성남-01-022-F-06.jpeg,""
"218",37.4605860000,127.1691360000,성남-01-022,경기도,성남시 중원구,성남은행초등학교,성남중원경찰서,"2022-08-04",성남-01-022-F-07.jpeg,""
"219",37.4600360000,127.1683880000,성남-01-022,경기도,성남시 중원구,성남은행초등학교,성남중원경찰서,"2022-08-04",성남-01-022-F-08.jpeg,""
"220",37.4607490000,127.1690920000,성남-01-022,경기도,성남시 중원구,성남은행초등학교,성남중원경찰서,"2022-08-04",성남-01-022-F-09.jpeg,""
"221",37.4611310000,127.1698620000,성남-01-022,경기도,성남시 중원구,성남은행초등학교,성남중원경찰서,"2022-08-04",성남-01-022-F-10.jpeg,""
"222",37.4364570000,127.1417980000,성남-01-023,경기도,성남시 중원구,성남중앙초등학교,성남중원경찰서,"2022-08-26",성남-01-023-F-01.jpeg,""
"223",37.4368810000,127.1422740000,성남-01-023,경기도,성남시 중원구,성남중앙초등학교,성남중원경찰서,"2022-08-26",성남-01-023-F-02.jpeg,""
"224",37.4366040000,127.1436120000,성남-01-023,경기도,성남시 중원구,성남중앙초등학교,성남중원경찰서,"2022-08-26",성남-01-023-F-03.jpeg,""
"225",37.4364180000,127.1430020000,성남-01-023,경기도,성남시 중원구,성남중앙초등학교,성남중원경찰서,"2022-08-26",성남-01-023-F-04.jpeg,""
"226",37.4363220000,127.1422810000,성남-01-023,경기도,성남시 중원구,성남중앙초등학교,성남중원경찰서,"2022-08-26",성남-01-023-F-05.jpeg,""
"227",37.4356950000,127.1428110000,성남-01-023,경기도,성남시 중원구,성남중앙초등학교,성남중원경찰서,"2022-08-26",성남-01-023-F-06.jpeg,""
"228",37.4354420000,127.1434810000,성남-01-023,경기도,성남시 중원구,성남중앙초등학교,성남중원경찰서,"2022-08-26",성남-01-023-F-07.jpeg,""
"229",37.4350380000,127.1417190000,성남-01-023,경기도,성남시 중원구,성남중앙초등학교,성남중원경찰서,"2022-08-26",성남-01-023-F-08.jpeg,""
"230",37.4357240000,127.1411280000,성남-01-023,경기도,성남시 중원구,성남중앙초등학교,성남중원경찰서,"2022-08-26",성남-01-023-F-09.jpeg,""
"231",37.4413710000,127.1617210000,성남-01-024,경기도,성남시 중원구,단남초등학교,성남중원경찰서,"2022-08-22",성남-01-024-F-01.jpeg,""
"232",37.4411750000,127.1611880000,성남-01-024,경기도,성남시 중원구,단남초등학교,성남중원경찰서,"2022-08-22",성남-01-024-F-02.jpeg,""
"233",37.4419390000,127.1622630000,성남-01-024,경기도,성남시 중원구,단남초등학교,성남중원경찰서,"2022-08-22",성남-01-024-F-03.jpeg,""
"234",37.4423480000,127.1616510000,성남-01-024,경기도,성남시 중원구,단남초등학교,성남중원경찰서,"2022-08-22",성남-01-024-F-04.jpeg,""
"235",37.4420860000,127.1609510000,성남-01-024,경기도,성남시 중원구,단남초등학교,성남중원경찰서,"2022-08-22",성남-01-024-F-05.jpeg,""
"236",37.4417770000,127.1610980000,성남-01-024,경기도,성남시 중원구,단남초등학교,성남중원경찰서,"2022-08-22",성남-01-024-F-06.jpeg,""
"237",37.4425410000,127.1606850000,성남-01-024,경기도,성남시 중원구,단남초등학교,성남중원경찰서,"2022-08-22",성남-01-024-F-07.jpeg,""
"238",37.4424010000,127.1597110000,성남-01-024,경기도,성남시 중원구,단남초등학교,성남중원경찰서,"2022-08-22",성남-01-024-F-08.jpeg,""
"239",37.4405960000,127.1598420000,성남-01-024,경기도,성남시 중원구,단남초등학교,성남중원경찰서,"2022-08-22",성남-01-024-F-09.jpeg,""
"240",37.4415620000,127.1599280000,성남-01-024,경기도,성남시 중원구,단남초등학교,성남중원경찰서,"2022-08-22",성남-01-024-F-10.jpeg,""
"241",37.4423190000,127.1594570000,성남-01-024,경기도,성남시 중원구,단남초등학교,성남중원경찰서,"2022-08-22",성남-01-024-F-11.jpeg,""
"242",37.4364340000,127.1551520000,성남-01-025,경기도,성남시 중원구,대원초등학교,성남중원경찰서,"2022-08-31",성남-01-025-F-01.jpeg,""
"243",37.4373190000,127.1569450000,성남-01-025,경기도,성남시 중원구,대원초등학교,성남중원경찰서,"2022-08-31",성남-01-025-F-02.jpeg,""
"244",37.4373440000,127.1553210000,성남-01-025,경기도,성남시 중원구,대원초등학교,성남중원경찰서,"2022-08-31",성남-01-025-F-03.jpeg,""
"245",37.4373570000,127.1541110000,성남-01-025,경기도,성남시 중원구,대원초등학교,성남중원경찰서,"2022-08-31",성남-01-025-F-04.jpeg,""
"246",37.4390160000,127.1646190000,성남-01-026,경기도,성남시 중원구,대일초등학교,성남중원경찰서,"2022-08-11",성남-01-026-F-01.jpeg,""
"247",37.4385010000,127.1630760000,성남-01-026,경기도,성남시 중원구,대일초등학교,성남중원경찰서,"2022-08-11",성남-01-026-F-02.jpeg,""
"248",37.4313260000,127.1510820000,성남-01-027,경기도,성남시 중원구,대하초등학교,성남중원경찰서,"2022-09-01",성남-01-027-F-01.jpeg,""
"249",37.4328930000,127.1504560000,성남-01-027,경기도,성남시 중원구,대하초등학교,성남중원경찰서,"2022-09-01",성남-01-027-F-02.jpeg,""
"250",37.4308060000,127.1514120000,성남-01-027,경기도,성남시 중원구,대하초등학교,성남중원경찰서,"2022-09-01",성남-01-027-F-03.jpeg,""
"251",37.4307830000,127.1518130000,성남-01-027,경기도,성남시 중원구,대하초등학교,성남중원경찰서,"2022-09-01",성남-01-027-F-04.jpeg,""
"252",37.4309850000,127.1521410000,성남-01-027,경기도,성남시 중원구,대하초등학교,성남중원경찰서,"2022-09-01",성남-01-027-F-05.jpeg,""
"253",37.4305520000,127.1523070000,성남-01-027,경기도,성남시 중원구,대하초등학교,성남중원경찰서,"2022-09-01",성남-01-027-F-06.jpeg,""
"254",37.4309710000,127.1525480000,성남-01-027,경기도,성남시 중원구,대하초등학교,성남중원경찰서,"2022-09-01",성남-01-027-F-07.jpeg,""
"255",37.4304990000,127.1515210000,성남-01-027,경기도,성남시 중원구,대하초등학교,성남중원경찰서,"2022-09-01",성남-01-027-F-08.jpeg,""
"256",37.4367670000,127.1469860000,성남-01-028,경기도,성남시 중원구,성남제일초등학교,성남중원경찰서,"2022-08-31",성남-01-028-F-01.jpeg,""
"257",37.4367510000,127.1470110000,성남-01-028,경기도,성남시 중원구,성남제일초등학교,성남중원경찰서,"2022-08-31",성남-01-028-F-02.jpeg,""
"258",37.4369220000,127.1473760000,성남-01-028,경기도,성남시 중원구,성남제일초등학교,성남중원경찰서,"2022-08-31",성남-01-028-F-03.jpeg,""
"259",37.4371890000,127.1479580000,성남-01-028,경기도,성남시 중원구,성남제일초등학교,성남중원경찰서,"2022-08-31",성남-01-028-F-04.jpeg,""
"260",37.4371640000,127.1479750000,성남-01-028,경기도,성남시 중원구,성남제일초등학교,성남중원경찰서,"2022-08-31",성남-01-028-F-05.jpeg,""
"261",37.4374880000,127.1486880000,성남-01-028,경기도,성남시 중원구,성남제일초등학교,성남중원경찰서,"2022-08-31",성남-01-028-F-06.jpeg,""
"262",37.4374450000,127.1487160000,성남-01-028,경기도,성남시 중원구,성남제일초등학교,성남중원경찰서,"2022-08-31",성남-01-028-F-07.jpeg,""
"263",37.4370840000,127.1489470000,성남-01-028,경기도,성남시 중원구,성남제일초등학교,성남중원경찰서,"2022-08-31",성남-01-028-F-08.jpeg,""
"264",37.4368410000,127.1490850000,성남-01-028,경기도,성남시 중원구,성남제일초등학교,성남중원경찰서,"2022-08-31",성남-01-028-F-09.jpeg,""
"265",37.4368540000,127.1491310000,성남-01-028,경기도,성남시 중원구,성남제일초등학교,성남중원경찰서,"2022-08-31",성남-01-028-F-10.jpeg,""
"266",37.4360430000,127.1496570000,성남-01-028,경기도,성남시 중원구,성남제일초등학교,성남중원경찰서,"2022-08-31",성남-01-028-F-11.jpeg,""
"267",37.4360490000,127.1497080000,성남-01-028,경기도,성남시 중원구,성남제일초등학교,성남중원경찰서,"2022-08-31",성남-01-028-F-12.jpeg,""
"268",37.4362970000,127.1494990000,성남-01-028,경기도,성남시 중원구,성남제일초등학교,성남중원경찰서,"2022-08-31",성남-01-028-F-13.jpeg,""
"269",37.4365320000,127.1493020000,성남-01-028,경기도,성남시 중원구,성남제일초등학교,성남중원경찰서,"2022-08-31",성남-01-028-F-14.jpeg,""
"270",37.4365450000,127.1493410000,성남-01-028,경기도,성남시 중원구,성남제일초등학교,성남중원경찰서,"2022-08-31",성남-01-028-F-15.jpeg,""
"271",37.4372690000,127.1487980000,성남-01-028,경기도,성남시 중원구,성남제일초등학교,성남중원경찰서,"2022-08-31",성남-01-028-F-16.jpeg,""
"272",37.4372810000,127.1488430000,성남-01-028,경기도,성남시 중원구,성남제일초등학교,성남중원경찰서,"2022-08-31",성남-01-028-F-17.jpeg,""
"273",37.4376110000,127.1489790000,성남-01-028,경기도,성남시 중원구,성남제일초등학교,성남중원경찰서,"2022-08-31",성남-01-028-F-18.jpeg,""
"274",37.4376290000,127.1489680000,성남-01-028,경기도,성남시 중원구,성남제일초등학교,성남중원경찰서,"2022-08-31",성남-01-028-F-19.jpeg,""
"275",37.4376470000,127.1495070000,성남-01-028,경기도,성남시 중원구,성남제일초등학교,성남중원경찰서,"2022-08-31",성남-01-028-F-20.jpeg,""
"276",37.4376780000,127.1494910000,성남-01-028,경기도,성남시 중원구,성남제일초등학교,성남중원경찰서,"2022-08-31",성남-01-028-F-21.jpeg,""
"277",37.4380850000,127.1505170000,성남-01-028,경기도,성남시 중원구,성남제일초등학교,성남중원경찰서,"2022-08-31",성남-01-028-F-22.jpeg,""
"278",37.4380580000,127.1505620000,성남-01-028,경기도,성남시 중원구,성남제일초등학교,성남중원경찰서,"2022-08-31",성남-01-028-F-23.jpeg,""
"279",37.4385710000,127.1512580000,성남-01-028,경기도,성남시 중원구,성남제일초등학교,성남중원경찰서,"2022-08-31",성남-01-028-F-24.jpeg,""
"280",37.4390750000,127.1510270000,성남-01-028,경기도,성남시 중원구,성남제일초등학교,성남중원경찰서,"2022-08-31",성남-01-028-F-25.jpeg,""
"281",37.4396660000,127.1503390000,성남-01-028,경기도,성남시 중원구,성남제일초등학교,성남중원경찰서,"2022-08-31",성남-01-028-F-26.jpeg,""
"282",37.4396890000,127.1504520000,성남-01-028,경기도,성남시 중원구,성남제일초등학교,성남중원경찰서,"2022-08-31",성남-01-028-F-27.jpeg,""
"283",37.4401080000,127.1500580000,성남-01-028,경기도,성남시 중원구,성남제일초등학교,성남중원경찰서,"2022-08-31",성남-01-028-F-28.jpeg,""
"284",37.4416230000,127.1526090000,성남-01-028,경기도,성남시 중원구,성남제일초등학교,성남중원경찰서,"2022-08-31",성남-01-028-F-29.jpeg,""
"285",37.4405610000,127.1500290000,성남-01-028,경기도,성남시 중원구,성남제일초등학교,성남중원경찰서,"2022-08-31",성남-01-028-F-30.jpeg,""
"286",37.4396670000,127.1479980000,성남-01-028,경기도,성남시 중원구,성남제일초등학교,성남중원경찰서,"2022-08-31",성남-01-028-F-31.jpeg,""
"287",37.4393260000,127.1472110000,성남-01-028,경기도,성남시 중원구,성남제일초등학교,성남중원경찰서,"2022-08-31",성남-01-028-F-32.jpeg,""
"288",37.4395840000,127.1480250000,성남-01-028,경기도,성남시 중원구,성남제일초등학교,성남중원경찰서,"2022-08-31",성남-01-028-F-33.jpeg,""
"289",37.4392560000,127.1472820000,성남-01-028,경기도,성남시 중원구,성남제일초등학교,성남중원경찰서,"2022-08-31",성남-01-028-F-34.jpeg,""
"290",37.4377110000,127.1458810000,성남-01-028,경기도,성남시 중원구,성남제일초등학교,성남중원경찰서,"2022-08-31",성남-01-028-F-35.jpeg,""
"291",37.4368280000,127.1464950000,성남-01-028,경기도,성남시 중원구,성남제일초등학교,성남중원경찰서,"2022-08-31",성남-01-028-F-36.jpeg,""
"292",37.4367720000,127.1464150000,성남-01-028,경기도,성남시 중원구,성남제일초등학교,성남중원경찰서,"2022-08-31",성남-01-028-F-37.jpeg,""
"293",37.4376420000,127.1458150000,성남-01-028,경기도,성남시 중원구,성남제일초등학교,성남중원경찰서,"2022-08-31",성남-01-028-F-38.jpeg,""
"294",37.4390610000,127.1468690000,성남-01-028,경기도,성남시 중원구,성남제일초등학교,성남중원경찰서,"2022-08-31",성남-01-028-F-39.jpeg,""
"295",37.4520420000,127.1497580000,성남-01-029,경기도,성남시 수정구,성남북초등학교,성남수정경찰서,"2022-08-17",성남-01-029-F-01.jpeg,""
"296",37.4520730000,127.1501170000,성남-01-029,경기도,성남시 수정구,성남북초등학교,성남수정경찰서,"2022-08-17",성남-01-029-F-02.jpeg,""
"297",37.4524560000,127.1504090000,성남-01-029,경기도,성남시 수정구,성남북초등학교,성남수정경찰서,"2022-08-17",성남-01-029-F-03.jpeg,""
"298",37.4520710000,127.1501820000,성남-01-029,경기도,성남시 수정구,성남북초등학교,성남수정경찰서,"2022-08-17",성남-01-029-F-04.jpeg,""
"299",37.4524420000,127.1504710000,성남-01-029,경기도,성남시 수정구,성남북초등학교,성남수정경찰서,"2022-08-17",성남-01-029-F-05.jpeg,""
"300",37.4523520000,127.1509310000,성남-01-029,경기도,성남시 수정구,성남북초등학교,성남수정경찰서,"2022-08-17",성남-01-029-F-06.jpeg,""
"301",37.4520430000,127.1513910000,성남-01-029,경기도,성남시 수정구,성남북초등학교,성남수정경찰서,"2022-08-17",성남-01-029-F-07.jpeg,""
"302",37.4511680000,127.1517340000,성남-01-029,경기도,성남시 수정구,성남북초등학교,성남수정경찰서,"2022-08-17",성남-01-029-F-08.jpeg,""
"303",37.4509440000,127.1511260000,성남-01-029,경기도,성남시 수정구,성남북초등학교,성남수정경찰서,"2022-08-17",성남-01-029-F-09.jpeg,""
"304",37.4516320000,127.1503190000,성남-01-029,경기도,성남시 수정구,성남북초등학교,성남수정경찰서,"2022-08-17",성남-01-029-F-10.jpeg,""
"305",37.4398570000,127.1322220000,성남-01-030,경기도,성남시 수정구,성남수정초등학교,성남수정경찰서,"2022-08-11",성남-01-030-F-01.jpeg,""
"306",37.4395530000,127.1323680000,성남-01-030,경기도,성남시 수정구,성남수정초등학교,성남수정경찰서,"2022-08-11",성남-01-030-F-02.jpeg,""
"307",37.4382070000,127.1331210000,성남-01-030,경기도,성남시 수정구,성남수정초등학교,성남수정경찰서,"2022-08-11",성남-01-030-F-03.jpeg,""
"308",37.4372720000,127.1335590000,성남-01-030,경기도,성남시 수정구,성남수정초등학교,성남수정경찰서,"2022-08-11",성남-01-030-F-04.jpeg,""
"309",37.4360640000,127.1341220000,성남-01-030,경기도,성남시 수정구,성남수정초등학교,성남수정경찰서,"2022-08-11",성남-01-030-F-05.jpeg,""
"310",37.4367430000,127.1310950000,성남-01-030,경기도,성남시 수정구,성남수정초등학교,성남수정경찰서,"2022-08-11",성남-01-030-F-06.jpeg,""
"311",37.4367840000,127.1326820000,성남-01-030,경기도,성남시 수정구,성남수정초등학교,성남수정경찰서,"2022-08-11",성남-01-030-F-07.jpeg,""
"312",37.4442140000,127.1352450000,성남-01-031,경기도,성남시 수정구,수진초등학교,성남수정경찰서,"2022-09-01",성남-01-031-F-01.jpeg,""
"313",37.4439010000,127.1335750000,성남-01-031,경기도,성남시 수정구,수진초등학교,성남수정경찰서,"2022-09-01",성남-01-031-F-02.jpeg,""
"314",37.4438360000,127.1333850000,성남-01-031,경기도,성남시 수정구,수진초등학교,성남수정경찰서,"2022-09-01",성남-01-031-F-03.jpeg,""
"315",37.4436610000,127.1327580000,성남-01-031,경기도,성남시 수정구,수진초등학교,성남수정경찰서,"2022-09-01",성남-01-031-F-04.jpeg,""
"316",37.4448810000,127.1319830000,성남-01-031,경기도,성남시 수정구,수진초등학교,성남수정경찰서,"2022-09-01",성남-01-031-F-05.jpeg,""
"317",37.4445140000,127.1350010000,성남-01-031,경기도,성남시 수정구,수진초등학교,성남수정경찰서,"2022-09-01",성남-01-031-F-06.jpeg,""
"318",37.4454450000,127.1318220000,성남-01-031,경기도,성남시 수정구,수진초등학교,성남수정경찰서,"2022-09-01",성남-01-031-F-07.jpeg,""
"319",37.4454790000,127.1319480000,성남-01-031,경기도,성남시 수정구,수진초등학교,성남수정경찰서,"2022-09-01",성남-01-031-F-08.jpeg,""
"320",37.4455330000,127.1321410000,성남-01-031,경기도,성남시 수정구,수진초등학교,성남수정경찰서,"2022-09-01",성남-01-031-F-09.jpeg,""
"321",37.4459470000,127.1335560000,성남-01-031,경기도,성남시 수정구,수진초등학교,성남수정경찰서,"2022-09-01",성남-01-031-F-10.jpeg,""
"322",37.4458270000,127.1324650000,성남-01-031,경기도,성남시 수정구,수진초등학교,성남수정경찰서,"2022-09-01",성남-01-031-F-11.jpeg,""
"323",37.4451450000,127.1483480000,성남-01-032,경기도,성남시 수정구,희망대초등학교,성남수정경찰서,"2022-08-11",성남-01-032-F-01.jpeg,""
"324",37.4454640000,127.1489110000,성남-01-032,경기도,성남시 수정구,희망대초등학교,성남수정경찰서,"2022-08-11",성남-01-032-F-02.jpeg,""
"325",37.4455270000,127.1488550000,성남-01-032,경기도,성남시 수정구,희망대초등학교,성남수정경찰서,"2022-08-11",성남-01-032-F-03.jpeg,""
"326",37.4470920000,127.1493020000,성남-01-032,경기도,성남시 수정구,희망대초등학교,성남수정경찰서,"2022-08-11",성남-01-032-F-04.jpeg,""
"327",37.4464840000,127.1493410000,성남-01-032,경기도,성남시 수정구,희망대초등학교,성남수정경찰서,"2022-08-11",성남-01-032-F-05.jpeg,""
"328",37.4464950000,127.1494530000,성남-01-032,경기도,성남시 수정구,희망대초등학교,성남수정경찰서,"2022-08-11",성남-01-032-F-06.jpeg,""
"329",37.4457880000,127.1492370000,성남-01-032,경기도,성남시 수정구,희망대초등학교,성남수정경찰서,"2022-08-11",성남-01-032-F-07.jpeg,""
"330",37.4458260000,127.1491580000,성남-01-032,경기도,성남시 수정구,희망대초등학교,성남수정경찰서,"2022-08-11",성남-01-032-F-08.jpeg,""
"331",37.4455170000,127.1513440000,성남-01-032,경기도,성남시 수정구,희망대초등학교,성남수정경찰서,"2022-08-11",성남-01-032-F-09.jpeg,""
"332",37.4450740000,127.1509140000,성남-01-032,경기도,성남시 수정구,희망대초등학교,성남수정경찰서,"2022-08-11",성남-01-032-F-10.jpeg,""
"333",37.4449590000,127.1507240000,성남-01-032,경기도,성남시 수정구,희망대초등학교,성남수정경찰서,"2022-08-11",성남-01-032-F-11.jpeg,""
"334",37.4447480000,127.1505340000,성남-01-032,경기도,성남시 수정구,희망대초등학교,성남수정경찰서,"2022-08-11",성남-01-032-F-12.jpeg,""
"335",37.4453110000,127.1472610000,성남-01-032,경기도,성남시 수정구,희망대초등학교,성남수정경찰서,"2022-08-11",성남-01-032-F-13.jpeg,""
"336",37.4480170000,127.1283940000,성남-01-033,경기도,성남시 수정구,성남서초등학교,성남수정경찰서,"2022-08-11",성남-01-033-F-01.jpeg,""
"337",37.4489530000,127.1315090000,성남-01-033,경기도,성남시 수정구,성남서초등학교,성남수정경찰서,"2022-08-11",성남-01-033-F-02.jpeg,""
"338",37.4479240000,127.1274190000,성남-01-033,경기도,성남시 수정구,성남서초등학교,성남수정경찰서,"2022-08-11",성남-01-033-F-03.jpeg,""
"339",37.4477330000,127.1287090000,성남-01-033,경기도,성남시 수정구,성남서초등학교,성남수정경찰서,"2022-08-11",성남-01-033-F-04.jpeg,""
"340",37.4480340000,127.1275460000,성남-01-033,경기도,성남시 수정구,성남서초등학교,성남수정경찰서,"2022-08-11",성남-01-033-F-05.jpeg,""
"341",37.4494420000,127.1434560000,성남-01-034,경기도,성남시 수정구,성남신흥초등학교,성남수정경찰서,"2022-08-29",성남-01-034-F-01.jpeg,""
"342",37.4491810000,127.1429420000,성남-01-034,경기도,성남시 수정구,성남신흥초등학교,성남수정경찰서,"2022-08-29",성남-01-034-F-02.jpeg,""
"343",37.4523010000,127.1589720000,성남-01-035,경기도,성남시 수정구,단대초등학교,성남수정경찰서,"2022-08-04",성남-01-035-F-01.jpeg,""
"344",37.4522740000,127.1589690000,성남-01-035,경기도,성남시 수정구,단대초등학교,성남수정경찰서,"2022-08-04",성남-01-035-F-02.jpeg,""
"345",37.4529980000,127.1583440000,성남-01-035,경기도,성남시 수정구,단대초등학교,성남수정경찰서,"2022-08-04",성남-01-035-F-03.jpeg,""
"346",37.4532950000,127.1584680000,성남-01-035,경기도,성남시 수정구,단대초등학교,성남수정경찰서,"2022-08-04",성남-01-035-F-04.jpeg,""
"347",37.4526270000,127.1577920000,성남-01-035,경기도,성남시 수정구,단대초등학교,성남수정경찰서,"2022-08-04",성남-01-035-F-05.jpeg,""
"348",37.4527240000,127.1574080000,성남-01-035,경기도,성남시 수정구,단대초등학교,성남수정경찰서,"2022-08-04",성남-01-035-F-06.jpeg,""
"349",37.4528390000,127.1570070000,성남-01-035,경기도,성남시 수정구,단대초등학교,성남수정경찰서,"2022-08-04",성남-01-035-F-07.jpeg,""
"350",37.4529840000,127.1565470000,성남-01-035,경기도,성남시 수정구,단대초등학교,성남수정경찰서,"2022-08-04",성남-01-035-F-08.jpeg,""
"351",37.4533180000,127.1563240000,성남-01-035,경기도,성남시 수정구,단대초등학교,성남수정경찰서,"2022-08-04",성남-01-035-F-09.jpeg,""
"352",37.4532730000,127.1562960000,성남-01-035,경기도,성남시 수정구,단대초등학교,성남수정경찰서,"2022-08-04",성남-01-035-F-10.jpeg,""
"353",37.4539810000,127.1555260000,성남-01-035,경기도,성남시 수정구,단대초등학교,성남수정경찰서,"2022-08-04",성남-01-035-F-11.jpeg,""
"354",37.4539540000,127.1554920000,성남-01-035,경기도,성남시 수정구,단대초등학교,성남수정경찰서,"2022-08-04",성남-01-035-F-12.jpeg,""
"355",37.4526070000,127.1572110000,성남-01-035,경기도,성남시 수정구,단대초등학교,성남수정경찰서,"2022-08-04",성남-01-035-F-13.jpeg,""
"356",37.4519530000,127.1578840000,성남-01-035,경기도,성남시 수정구,단대초등학교,성남수정경찰서,"2022-08-04",성남-01-035-F-14.jpeg,""
"357",37.4519510000,127.1578360000,성남-01-035,경기도,성남시 수정구,단대초등학교,성남수정경찰서,"2022-08-04",성남-01-035-F-15.jpeg,""
"358",37.4618910000,127.1292330000,성남-01-036,경기도,성남시 수정구,복정초등학교,성남수정경찰서,"2022-08-25",성남-01-036-F-01.jpeg,""
"359",37.4618290000,127.1292320000,성남-01-036,경기도,성남시 수정구,복정초등학교,성남수정경찰서,"2022-08-25",성남-01-036-F-02.jpeg,""
"360",37.4617860000,127.1298880000,성남-01-036,경기도,성남시 수정구,복정초등학교,성남수정경찰서,"2022-08-25",성남-01-036-F-03.jpeg,""
"361",37.4618460000,127.1298990000,성남-01-036,경기도,성남시 수정구,복정초등학교,성남수정경찰서,"2022-08-25",성남-01-036-F-04.jpeg,""
"362",37.4619150000,127.1287810000,성남-01-036,경기도,성남시 수정구,복정초등학교,성남수정경찰서,"2022-08-25",성남-01-036-F-05.jpeg,""
"363",37.4618520000,127.1287720000,성남-01-036,경기도,성남시 수정구,복정초등학교,성남수정경찰서,"2022-08-25",성남-01-036-F-06.jpeg,""
"364",37.4631520000,127.1295060000,성남-01-036,경기도,성남시 수정구,복정초등학교,성남수정경찰서,"2022-08-25",성남-01-036-F-07.jpeg,""
"365",37.4589220000,127.1625730000,성남-01-037,경기도,성남시 수정구,성남양지초등학교,성남수정경찰서,"2022-08-29",성남-01-037-F-01.jpeg,""
"366",37.4591460000,127.1621810000,성남-01-037,경기도,성남시 수정구,성남양지초등학교,성남수정경찰서,"2022-08-29",성남-01-037-F-02.jpeg,""
"367",37.4593490000,127.1617940000,성남-01-037,경기도,성남시 수정구,성남양지초등학교,성남수정경찰서,"2022-08-29",성남-01-037-F-03.jpeg,""
"368",37.4595110000,127.1618820000,성남-01-037,경기도,성남시 수정구,성남양지초등학교,성남수정경찰서,"2022-08-29",성남-01-037-F-04.jpeg,""
"369",37.4596190000,127.1621790000,성남-01-037,경기도,성남시 수정구,성남양지초등학교,성남수정경찰서,"2022-08-29",성남-01-037-F-05.jpeg,""
"370",37.4600610000,127.1623630000,성남-01-037,경기도,성남시 수정구,성남양지초등학교,성남수정경찰서,"2022-08-29",성남-01-037-F-06.jpeg,""
"371",37.4598950000,127.1624710000,성남-01-037,경기도,성남시 수정구,성남양지초등학교,성남수정경찰서,"2022-08-29",성남-01-037-F-07.jpeg,""
"372",37.4593810000,127.1616750000,성남-01-037,경기도,성남시 수정구,성남양지초등학교,성남수정경찰서,"2022-08-29",성남-01-037-F-08.jpeg,""
"373",37.4592190000,127.1616330000,성남-01-037,경기도,성남시 수정구,성남양지초등학교,성남수정경찰서,"2022-08-29",성남-01-037-F-09.jpeg,""
"374",37.4588630000,127.1613350000,성남-01-037,경기도,성남시 수정구,성남양지초등학교,성남수정경찰서,"2022-08-29",성남-01-037-F-10.jpeg,""
"375",37.4708220000,127.1437970000,성남-01-038,경기도,성남시 수정구,위례고운초등학교,성남수정경찰서,"2022-08-25",성남-01-038-F-01.jpeg,""
"376",37.4708980000,127.1445330000,성남-01-038,경기도,성남시 수정구,위례고운초등학교,성남수정경찰서,"2022-08-25",성남-01-038-F-02.jpeg,""
"377",37.4708510000,127.1449680000,성남-01-038,경기도,성남시 수정구,위례고운초등학교,성남수정경찰서,"2022-08-25",성남-01-038-F-03.jpeg,""
"378",37.4706510000,127.1458450000,성남-01-038,경기도,성남시 수정구,위례고운초등학교,성남수정경찰서,"2022-08-25",성남-01-038-F-04.jpeg,""
"379",37.4705180000,127.1457550000,성남-01-038,경기도,성남시 수정구,위례고운초등학교,성남수정경찰서,"2022-08-25",성남-01-038-F-05.jpeg,""
"380",37.4703760000,127.1461110000,성남-01-038,경기도,성남시 수정구,위례고운초등학교,성남수정경찰서,"2022-08-25",성남-01-038-F-06.jpeg,""
"381",37.4699830000,127.1465450000,성남-01-038,경기도,성남시 수정구,위례고운초등학교,성남수정경찰서,"2022-08-25",성남-01-038-F-07.jpeg,""
"382",37.4707240000,127.1466010000,성남-01-038,경기도,성남시 수정구,위례고운초등학교,성남수정경찰서,"2022-08-25",성남-01-038-F-08.jpeg,""
"383",37.4646240000,127.1431690000,성남-01-039,경기도,성남시 수정구,위례한빛초등학교,성남수정경찰서,"2022-09-01",성남-01-039-F-01.jpeg,""
"384",37.4641040000,127.1451180000,성남-01-039,경기도,성남시 수정구,위례한빛초등학교,성남수정경찰서,"2022-09-01",성남-01-039-F-02.jpeg,""
"385",37.4643630000,127.1466330000,성남-01-039,경기도,성남시 수정구,위례한빛초등학교,성남수정경찰서,"2022-09-01",성남-01-039-F-03.jpeg,""
"386",37.4647060000,127.1421740000,성남-01-039,경기도,성남시 수정구,위례한빛초등학교,성남수정경찰서,"2022-09-01",성남-01-039-F-04.jpeg,""
"387",37.4655460000,127.1478170000,성남-01-039,경기도,성남시 수정구,위례한빛초등학교,성남수정경찰서,"2022-09-01",성남-01-039-F-05.jpeg,""
"388",37.4652210000,127.1419040000,성남-01-039,경기도,성남시 수정구,위례한빛초등학교,성남수정경찰서,"2022-09-01",성남-01-039-F-06.jpeg,""
"389",37.4654520000,127.1423930000,성남-01-039,경기도,성남시 수정구,위례한빛초등학교,성남수정경찰서,"2022-09-01",성남-01-039-F-07.jpeg,""
"390",37.4668830000,127.1436620000,성남-01-039,경기도,성남시 수정구,위례한빛초등학교,성남수정경찰서,"2022-09-01",성남-01-039-F-08.jpeg,""
"391",37.4664720000,127.1436770000,성남-01-039,경기도,성남시 수정구,위례한빛초등학교,성남수정경찰서,"2022-09-01",성남-01-039-F-09.jpeg,""
"392",37.4649470000,127.1428450000,성남-01-039,경기도,성남시 수정구,위례한빛초등학교,성남수정경찰서,"2022-09-01",성남-01-039-F-10.jpeg,""
"393",37.4642470000,127.1442620000,성남-01-039,경기도,성남시 수정구,위례한빛초등학교,성남수정경찰서,"2022-09-01",성남-01-039-F-11.jpeg,""
"394",37.4650990000,127.1472820000,성남-01-039,경기도,성남시 수정구,위례한빛초등학교,성남수정경찰서,"2022-09-01",성남-01-039-F-12.jpeg,""
"395",37.4661230000,127.1481340000,성남-01-039,경기도,성남시 수정구,위례한빛초등학교,성남수정경찰서,"2022-09-01",성남-01-039-F-13.jpeg,""
"396",37.4699290000,127.1522730000,성남-01-040,경기도,성남시 수정구,위례푸른초등학교,성남수정경찰서,"2022-08-25",성남-01-040-F-01.jpeg,""
"397",37.4697270000,127.1513830000,성남-01-040,경기도,성남시 수정구,위례푸른초등학교,성남수정경찰서,"2022-08-25",성남-01-040-F-02.jpeg,""
"398",37.4697390000,127.1511170000,성남-01-040,경기도,성남시 수정구,위례푸른초등학교,성남수정경찰서,"2022-08-25",성남-01-040-F-03.jpeg,""
"399",37.4699120000,127.1509760000,성남-01-040,경기도,성남시 수정구,위례푸른초등학교,성남수정경찰서,"2022-08-25",성남-01-040-F-04.jpeg,""
"400",37.4699490000,127.1506320000,성남-01-040,경기도,성남시 수정구,위례푸른초등학교,성남수정경찰서,"2022-08-25",성남-01-040-F-05.jpeg,""
"401",37.4701510000,127.1502020000,성남-01-040,경기도,성남시 수정구,위례푸른초등학교,성남수정경찰서,"2022-08-25",성남-01-040-F-06.jpeg,""
"402",37.4706320000,127.1503620000,성남-01-040,경기도,성남시 수정구,위례푸른초등학교,성남수정경찰서,"2022-08-25",성남-01-040-F-07.jpeg,""
"403",37.4695570000,127.1502920000,성남-01-040,경기도,성남시 수정구,위례푸른초등학교,성남수정경찰서,"2022-08-25",성남-01-040-F-08.jpeg,""
"404",37.4707540000,127.1371330000,성남-01-041,경기도,성남시 수정구,위례중앙초등학교,성남수정경찰서,"2022-08-25",성남-01-041-F-01.jpeg,""
"405",37.4710090000,127.1385260000,성남-01-041,경기도,성남시 수정구,위례중앙초등학교,성남수정경찰서,"2022-08-25",성남-01-041-F-02.jpeg,""
"406",37.4711470000,127.1393810000,성남-01-041,경기도,성남시 수정구,위례중앙초등학교,성남수정경찰서,"2022-08-25",성남-01-041-F-03.jpeg,""
"407",37.4711990000,127.1379790000,성남-01-041,경기도,성남시 수정구,위례중앙초등학교,성남수정경찰서,"2022-08-25",성남-01-041-F-04.jpeg,""
"408",37.4712510000,127.1375720000,성남-01-041,경기도,성남시 수정구,위례중앙초등학교,성남수정경찰서,"2022-08-25",성남-01-041-F-05.jpeg,""
"409",37.4715310000,127.1368460000,성남-01-041,경기도,성남시 수정구,위례중앙초등학교,성남수정경찰서,"2022-08-25",성남-01-041-F-06.jpeg,""
"410",37.4722380000,127.1369290000,성남-01-041,경기도,성남시 수정구,위례중앙초등학교,성남수정경찰서,"2022-08-25",성남-01-041-F-07.jpeg,""
"411",37.4711280000,127.1364890000,성남-01-041,경기도,성남시 수정구,위례중앙초등학교,성남수정경찰서,"2022-08-25",성남-01-041-F-08.jpeg,""
"412",37.4711220000,127.1361950000,성남-01-041,경기도,성남시 수정구,위례중앙초등학교,성남수정경찰서,"2022-08-25",성남-01-041-F-09.jpeg,""
"413",37.4418110000,127.1642770000,성남-01-042,경기도,성남시 중원구,금상초등학교,성남중원경찰서,"2022-08-17",성남-01-042-F-01.jpeg,""
"414",37.4418750000,127.1642340000,성남-01-042,경기도,성남시 중원구,금상초등학교,성남중원경찰서,"2022-08-17",성남-01-042-F-02.jpeg,""
"415",37.4424070000,127.1658530000,성남-01-042,경기도,성남시 중원구,금상초등학교,성남중원경찰서,"2022-08-17",성남-01-042-F-03.jpeg,""
"416",37.4425620000,127.1662980000,성남-01-042,경기도,성남시 중원구,금상초등학교,성남중원경찰서,"2022-08-17",성남-01-042-F-04.jpeg,""
"417",37.4426520000,127.1662980000,성남-01-042,경기도,성남시 중원구,금상초등학교,성남중원경찰서,"2022-08-17",성남-01-042-F-05.jpeg,""
"418",37.4428350000,127.1671870000,성남-01-042,경기도,성남시 중원구,금상초등학교,성남중원경찰서,"2022-08-17",성남-01-042-F-06.jpeg,""
"419",37.4430340000,127.1655650000,성남-01-042,경기도,성남시 중원구,금상초등학교,성남중원경찰서,"2022-08-17",성남-01-042-F-07.jpeg,""
"420",37.4433180000,127.1653990000,성남-01-042,경기도,성남시 중원구,금상초등학교,성남중원경찰서,"2022-08-17",성남-01-042-F-08.jpeg,""
"421",37.4423810000,127.1638090000,성남-01-042,경기도,성남시 중원구,금상초등학교,성남중원경찰서,"2022-08-17",성남-01-042-F-09.jpeg,""
"422",37.4421830000,127.1636980000,성남-01-042,경기도,성남시 중원구,금상초등학교,성남중원경찰서,"2022-08-17",성남-01-042-F-10.jpeg,""
"423",37.4546670000,127.1628470000,성남-01-043,경기도,성남시 중원구,상원초등학교,성남중원경찰서,"2022-08-29",성남-01-043-F-01.jpeg,""
"424",37.4545170000,127.1630990000,성남-01-043,경기도,성남시 중원구,상원초등학교,성남중원경찰서,"2022-08-29",성남-01-043-F-02.jpeg,""
"425",37.4548050000,127.1641690000,성남-01-043,경기도,성남시 중원구,상원초등학교,성남중원경찰서,"2022-08-29",성남-01-043-F-03.jpeg,""
"426",37.4545460000,127.1637330000,성남-01-043,경기도,성남시 중원구,상원초등학교,성남중원경찰서,"2022-08-29",성남-01-043-F-04.jpeg,""
"427",37.4537910000,127.1615350000,성남-01-043,경기도,성남시 중원구,상원초등학교,성남중원경찰서,"2022-08-29",성남-01-043-F-05.jpeg,""
"428",37.4533160000,127.1625950000,성남-01-043,경기도,성남시 중원구,상원초등학교,성남중원경찰서,"2022-08-29",성남-01-043-F-06.jpeg,""
"429",37.4531990000,127.1628580000,성남-01-043,경기도,성남시 중원구,상원초등학교,성남중원경찰서,"2022-08-29",성남-01-043-F-07.jpeg,""
"430",37.4546370000,127.1637140000,성남-01-043,경기도,성남시 중원구,상원초등학교,성남중원경찰서,"2022-08-29",성남-01-043-F-08.jpeg,""
"431",37.4544360000,127.1638630000,성남-01-043,경기도,성남시 중원구,상원초등학교,성남중원경찰서,"2022-08-29",성남-01-043-F-09.jpeg,""
"432",37.4544520000,127.1638060000,성남-01-043,경기도,성남시 중원구,상원초등학교,성남중원경찰서,"2022-08-29",성남-01-043-F-10.jpeg,""
"433",37.4544970000,127.1639910000,성남-01-043,경기도,성남시 중원구,상원초등학교,성남중원경찰서,"2022-08-29",성남-01-043-F-11.jpeg,""
"434",37.4545370000,127.1640530000,성남-01-043,경기도,성남시 중원구,상원초등학교,성남중원경찰서,"2022-08-29",성남-01-043-F-12.jpeg,""
"435",37.4547760000,127.1642210000,성남-01-043,경기도,성남시 중원구,상원초등학교,성남중원경찰서,"2022-08-29",성남-01-043-F-13.jpeg,""
"436",37.4547810000,127.1640960000,성남-01-043,경기도,성남시 중원구,상원초등학교,성남중원경찰서,"2022-08-29",성남-01-043-F-14.jpeg,""
"437",37.3635520000,127.1217120000,성남-01-044,경기도,성남시 분당구,불정초등학교,분당경찰서,"2022-08-26",성남-01-044-F-01.jpeg,""
"438",37.3634150000,127.1206510000,성남-01-044,경기도,성남시 분당구,불정초등학교,분당경찰서,"2022-08-26",성남-01-044-F-02.jpeg,""
"439",37.3614370000,127.1191610000,성남-01-044,경기도,성남시 분당구,불정초등학교,분당경찰서,"2022-08-26",성남-01-044-F-03.jpeg,""
"440",37.4055830000,127.1450880000,성남-01-045,경기도,성남시 분당구,상탑초등학교,분당경찰서,"2022-09-01",성남-01-045-F-01.jpeg,""
"441",37.4071610000,127.1453570000,성남-01-045,경기도,성남시 분당구,상탑초등학교,분당경찰서,"2022-09-01",성남-01-045-F-02.jpeg,""
"442",37.4070980000,127.1458420000,성남-01-045,경기도,성남시 분당구,상탑초등학교,분당경찰서,"2022-09-01",성남-01-045-F-03.jpeg,""
"443",37.3811520000,127.1291930000,성남-01-046,경기도,성남시 분당구,서현초등학교,분당경찰서,"2022-08-22",성남-01-046-F-01.jpeg,""
"444",37.3816890000,127.1285890000,성남-01-046,경기도,성남시 분당구,서현초등학교,분당경찰서,"2022-08-22",성남-01-046-F-02.jpeg,""
"445",37.3819280000,127.1282510000,성남-01-046,경기도,성남시 분당구,서현초등학교,분당경찰서,"2022-08-22",성남-01-046-F-03.jpeg,""
"446",37.3823120000,127.1275240000,성남-01-046,경기도,성남시 분당구,서현초등학교,분당경찰서,"2022-08-22",성남-01-046-F-04.jpeg,""
"447",37.3828810000,127.1264690000,성남-01-046,경기도,성남시 분당구,서현초등학교,분당경찰서,"2022-08-22",성남-01-046-F-05.jpeg,""
"448",37.3659350000,127.1099180000,성남-01-047,경기도,성남시 분당구,성남신기초등학교,분당경찰서,"2022-08-11",성남-01-047-F-01.jpeg,""
"449",37.3663970000,127.1097460000,성남-01-047,경기도,성남시 분당구,성남신기초등학교,분당경찰서,"2022-08-11",성남-01-047-F-02.jpeg,""
"450",37.3669410000,127.1099140000,성남-01-047,경기도,성남시 분당구,성남신기초등학교,분당경찰서,"2022-08-11",성남-01-047-F-03.jpeg,""
"451",37.3711920000,127.1444670000,성남-01-048,경기도,성남시 분당구,성남장안초등학교,분당경찰서,"2022-08-17",성남-01-048-F-01.jpeg,""
"452",37.3715410000,127.1440980000,성남-01-048,경기도,성남시 분당구,성남장안초등학교,분당경찰서,"2022-08-17",성남-01-048-F-02.jpeg,""
"453",37.3716310000,127.1439350000,성남-01-048,경기도,성남시 분당구,성남장안초등학교,분당경찰서,"2022-08-17",성남-01-048-F-03.jpeg,""
"454",37.3723260000,127.1431970000,성남-01-048,경기도,성남시 분당구,성남장안초등학교,분당경찰서,"2022-08-17",성남-01-048-F-04.jpeg,""
"455",37.3728190000,127.1419250000,성남-01-048,경기도,성남시 분당구,성남장안초등학교,분당경찰서,"2022-08-17",성남-01-048-F-05.jpeg,""
"456",37.3726410000,127.1423760000,성남-01-048,경기도,성남시 분당구,성남장안초등학교,분당경찰서,"2022-08-17",성남-01-048-F-06.jpeg,""
"457",37.3724260000,127.1429030000,성남-01-048,경기도,성남시 분당구,성남장안초등학교,분당경찰서,"2022-08-17",성남-01-048-F-07.jpeg,""
"458",37.3718030000,127.1436840000,성남-01-048,경기도,성남시 분당구,성남장안초등학교,분당경찰서,"2022-08-17",성남-01-048-F-08.jpeg,""
"459",37.3711220000,127.1444330000,성남-01-048,경기도,성남시 분당구,성남장안초등학교,분당경찰서,"2022-08-17",성남-01-048-F-09.jpeg,""
"460",37.3944820000,127.1253210000,성남-01-049,경기도,성남시 분당구,안말초등학교,분당경찰서,"2022-08-11",성남-01-049-F-01.jpeg,""
"461",37.3939910000,127.1252890000,성남-01-049,경기도,성남시 분당구,안말초등학교,분당경찰서,"2022-08-11",성남-01-049-F-02.jpeg,""
"462",37.3927260000,127.1249030000,성남-01-049,경기도,성남시 분당구,안말초등학교,분당경찰서,"2022-08-11",성남-01-049-F-03.jpeg,""
"463",37.3906870000,127.1230620000,성남-01-049,경기도,성남시 분당구,안말초등학교,분당경찰서,"2022-08-11",성남-01-049-F-04.jpeg,""
"464",37.3911010000,127.1259280000,성남-01-049,경기도,성남시 분당구,안말초등학교,분당경찰서,"2022-08-11",성남-01-049-F-05.jpeg,""
"465",37.3909610000,127.1258710000,성남-01-049,경기도,성남시 분당구,안말초등학교,분당경찰서,"2022-08-11",성남-01-049-F-06.jpeg,""
"466",37.4167430000,127.1260820000,성남-01-050,경기도,성남시 분당구,야탑초등학교,분당경찰서,"2022-07-27",성남-01-050-F-01.jpeg,""
"467",37.4161930000,127.1229520000,성남-01-050,경기도,성남시 분당구,야탑초등학교,분당경찰서,"2022-07-27",성남-01-050-F-02.jpeg,""
"468",37.4168730000,127.1268220000,성남-01-050,경기도,성남시 분당구,야탑초등학교,분당경찰서,"2022-07-27",성남-01-050-F-03.jpeg,""
"469",37.3449650000,127.1160050000,성남-01-051,경기도,성남시 분당구,오리초등학교,분당경찰서,"2022-08-17",성남-01-051-F-01.jpeg,""
"470",37.3444150000,127.1160050000,성남-01-051,경기도,성남시 분당구,오리초등학교,분당경찰서,"2022-08-17",성남-01-051-F-02.jpeg,""
"471",37.3427260000,127.1160050000,성남-01-051,경기도,성남시 분당구,오리초등학교,분당경찰서,"2022-08-17",성남-01-051-F-03.jpeg,""
"472",37.3444980000,127.1161880000,성남-01-051,경기도,성남시 분당구,오리초등학교,분당경찰서,"2022-08-17",성남-01-051-F-04.jpeg,""
"473",37.3460950000,127.1161660000,성남-01-051,경기도,성남시 분당구,오리초등학교,분당경찰서,"2022-08-17",성남-01-051-F-05.jpeg,""
"474",37.3950630000,127.1254240000,성남-01-052,경기도,성남시 분당구,이매초등학교,분당경찰서,"2022-07-27",성남-01-052-F-01.jpeg,""
"475",37.3966720000,127.1254530000,성남-01-052,경기도,성남시 분당구,이매초등학교,분당경찰서,"2022-07-27",성남-01-052-F-02.jpeg,""
"476",37.3534020000,127.1165910000,성남-01-053,경기도,성남시 분당구,청솔초등학교,분당경찰서,"2022-08-25",성남-01-053-F-01.jpeg,""
"477",37.3543880000,127.1150240000,성남-01-053,경기도,성남시 분당구,청솔초등학교,분당경찰서,"2022-08-25",성남-01-053-F-02.jpeg,""
"478",37.3554220000,127.1131570000,성남-01-053,경기도,성남시 분당구,청솔초등학교,분당경찰서,"2022-08-25",성남-01-053-F-03.jpeg,""
"479",37.3558310000,127.1121960000,성남-01-053,경기도,성남시 분당구,청솔초등학교,분당경찰서,"2022-08-25",성남-01-053-F-04.jpeg,""
"480",37.3734730000,127.1327440000,성남-01-054,경기도,성남시 분당구,당촌초등학교,분당경찰서,"2022-08-31",성남-01-054-F-01.jpeg,""
"481",37.3737350000,127.1320780000,성남-01-054,경기도,성남시 분당구,당촌초등학교,분당경찰서,"2022-08-31",성남-01-054-F-02.jpeg,""
"482",37.3667750000,127.1189790000,성남-01-055,경기도,성남시 분당구,한솔초등학교,분당경찰서,"2022-08-26",성남-01-055-F-01.jpeg,""
"483",37.3679020000,127.1249530000,성남-01-056,경기도,성남시 분당구,수내초등학교,분당경찰서,"2022-08-22",성남-01-056-F-01.jpeg,""
"484",37.3682090000,127.1246610000,성남-01-056,경기도,성남시 분당구,수내초등학교,분당경찰서,"2022-08-22",성남-01-056-F-02.jpeg,""
"485",37.3685380000,127.1243160000,성남-01-056,경기도,성남시 분당구,수내초등학교,분당경찰서,"2022-08-22",성남-01-056-F-03.jpeg,""
"486",37.4001780000,127.1166940000,성남-01-057,경기도,성남시 분당구,성남송현초등학교,분당경찰서,"2022-09-02",성남-01-057-F-01.jpeg,""
"487",37.4010310000,127.1169690000,성남-01-057,경기도,성남시 분당구,성남송현초등학교,분당경찰서,"2022-09-02",성남-01-057-F-02.jpeg,""
"488",37.4017030000,127.1167050000,성남-01-057,경기도,성남시 분당구,성남송현초등학교,분당경찰서,"2022-09-02",성남-01-057-F-03.jpeg,""
"489",37.4024190000,127.1169660000,성남-01-057,경기도,성남시 분당구,성남송현초등학교,분당경찰서,"2022-09-02",성남-01-057-F-04.jpeg,""
"490",37.4030530000,127.1166990000,성남-01-057,경기도,성남시 분당구,성남송현초등학교,분당경찰서,"2022-09-02",성남-01-057-F-05.jpeg,""
"491",37.4040710000,127.1165480000,성남-01-057,경기도,성남시 분당구,성남송현초등학교,분당경찰서,"2022-09-02",성남-01-057-F-06.jpeg,""
"492",37.4045490000,127.1163680000,성남-01-057,경기도,성남시 분당구,성남송현초등학교,분당경찰서,"2022-09-02",성남-01-057-F-07.jpeg,""
"493",37.4040590000,127.1158790000,성남-01-057,경기도,성남시 분당구,성남송현초등학교,분당경찰서,"2022-09-02",성남-01-057-F-08.jpeg,""
"494",37.4045460000,127.1158240000,성남-01-057,경기도,성남시 분당구,성남송현초등학교,분당경찰서,"2022-09-02",성남-01-057-F-09.jpeg,""
"495",37.4050030000,127.1157110000,성남-01-057,경기도,성남시 분당구,성남송현초등학교,분당경찰서,"2022-09-02",성남-01-057-F-10.jpeg,""
"496",37.4054630000,127.1156020000,성남-01-057,경기도,성남시 분당구,성남송현초등학교,분당경찰서,"2022-09-02",성남-01-057-F-11.jpeg,""
"497",37.3879190000,127.0895550000,성남-01-058,경기도,성남시 분당구,판교초등학교,분당경찰서,"2022-09-01",성남-01-058-F-01.jpeg,""
"498",37.3874010000,127.0895060000,성남-01-058,경기도,성남시 분당구,판교초등학교,분당경찰서,"2022-09-01",성남-01-058-F-02.jpeg,""
"499",37.3867120000,127.0891470000,성남-01-058,경기도,성남시 분당구,판교초등학교,분당경찰서,"2022-09-01",성남-01-058-F-03.jpeg,""
"500",37.3863650000,127.0891180000,성남-01-058,경기도,성남시 분당구,판교초등학교,분당경찰서,"2022-09-01",성남-01-058-F-04.jpeg,""
"501",37.3863740000,127.0898270000,성남-01-058,경기도,성남시 분당구,판교초등학교,분당경찰서,"2022-09-01",성남-01-058-F-05.jpeg,""
"502",37.3863130000,127.0898490000,성남-01-058,경기도,성남시 분당구,판교초등학교,분당경찰서,"2022-09-01",성남-01-058-F-06.jpeg,""
"503",37.3863410000,127.0913820000,성남-01-058,경기도,성남시 분당구,판교초등학교,분당경찰서,"2022-09-01",성남-01-058-F-07.jpeg,""
"504",37.3862810000,127.0913960000,성남-01-058,경기도,성남시 분당구,판교초등학교,분당경찰서,"2022-09-01",성남-01-058-F-08.jpeg,""
"505",37.3863180000,127.0923340000,성남-01-058,경기도,성남시 분당구,판교초등학교,분당경찰서,"2022-09-01",성남-01-058-F-09.jpeg,""
"506",37.3863610000,127.0927430000,성남-01-058,경기도,성남시 분당구,판교초등학교,분당경찰서,"2022-09-01",성남-01-058-F-10.jpeg,""
"507",37.3862840000,127.0927410000,성남-01-058,경기도,성남시 분당구,판교초등학교,분당경찰서,"2022-09-01",성남-01-058-F-11.jpeg,""
"508",37.3864910000,127.0937260000,성남-01-058,경기도,성남시 분당구,판교초등학교,분당경찰서,"2022-09-01",성남-01-058-F-12.jpeg,""
"509",37.3864320000,127.0937650000,성남-01-058,경기도,성남시 분당구,판교초등학교,분당경찰서,"2022-09-01",성남-01-058-F-13.jpeg,""
"510",37.4500140000,127.1658920000,성남-01-059,경기도,성남시 중원구,성남동초등학교,성남중원경찰서,"2022-08-22",성남-01-059-F-01.jpeg,""
"511",37.4496150000,127.1640380000,성남-01-059,경기도,성남시 중원구,성남동초등학교,성남중원경찰서,"2022-08-22",성남-01-059-F-02.jpeg,""
"512",37.4491340000,127.1634630000,성남-01-059,경기도,성남시 중원구,성남동초등학교,성남중원경찰서,"2022-08-22",성남-01-059-F-03.jpeg,""
"513",37.4487590000,127.1630670000,성남-01-059,경기도,성남시 중원구,성남동초등학교,성남중원경찰서,"2022-08-22",성남-01-059-F-04.jpeg,""
"514",37.4486770000,127.1621210000,성남-01-059,경기도,성남시 중원구,성남동초등학교,성남중원경찰서,"2022-08-22",성남-01-059-F-05.jpeg,""
"515",37.4487410000,127.1611610000,성남-01-059,경기도,성남시 중원구,성남동초등학교,성남중원경찰서,"2022-08-22",성남-01-059-F-06.jpeg,""
"516",37.4484320000,127.1614910000,성남-01-059,경기도,성남시 중원구,성남동초등학교,성남중원경찰서,"2022-08-22",성남-01-059-F-07.jpeg,""
"517",37.4477610000,127.1612030000,성남-01-059,경기도,성남시 중원구,성남동초등학교,성남중원경찰서,"2022-08-22",성남-01-059-F-08.jpeg,""
"518",37.4486110000,127.1636350000,성남-01-059,경기도,성남시 중원구,성남동초등학교,성남중원경찰서,"2022-08-22",성남-01-059-F-09.jpeg,""
"519",37.4452390000,127.1314610000,성남-01-060,경기도,성남시 수정구,태평초등학교,성남수정경찰서,"2022-08-11",성남-01-060-F-01.jpeg,""
"520",37.4450220000,127.1304540000,성남-01-060,경기도,성남시 수정구,태평초등학교,성남수정경찰서,"2022-08-11",성남-01-060-F-02.jpeg,""
"521",37.4444290000,127.1307720000,성남-01-060,경기도,성남시 수정구,태평초등학교,성남수정경찰서,"2022-08-11",성남-01-060-F-03.jpeg,""
"522",37.4436790000,127.1305910000,성남-01-060,경기도,성남시 수정구,태평초등학교,성남수정경찰서,"2022-08-11",성남-01-060-F-04.jpeg,""
"523",37.4439960000,127.1303070000,성남-01-060,경기도,성남시 수정구,태평초등학교,성남수정경찰서,"2022-08-11",성남-01-060-F-05.jpeg,""
"524",37.4445850000,127.1301450000,성남-01-060,경기도,성남시 수정구,태평초등학교,성남수정경찰서,"2022-08-11",성남-01-060-F-06.jpeg,""
"525",37.4446690000,127.1295240000,성남-01-060,경기도,성남시 수정구,태평초등학교,성남수정경찰서,"2022-08-11",성남-01-060-F-07.jpeg,""
"526",37.4451710000,127.1297330000,성남-01-060,경기도,성남시 수정구,태평초등학교,성남수정경찰서,"2022-08-11",성남-01-060-F-08.jpeg,""
"527",37.4463470000,127.1292110000,성남-01-060,경기도,성남시 수정구,태평초등학교,성남수정경찰서,"2022-08-11",성남-01-060-F-09.jpeg,""
"528",37.4341130000,127.1283080000,성남-01-061,경기도,성남시 수정구,성수초등학교,성남수정경찰서,"2022-08-04",성남-01-061-F-01.jpeg,""
"529",37.4346180000,127.1276810000,성남-01-061,경기도,성남시 수정구,성수초등학교,성남수정경찰서,"2022-08-04",성남-01-061-F-02.jpeg,""
"530",37.4350430000,127.1280630000,성남-01-061,경기도,성남시 수정구,성수초등학교,성남수정경찰서,"2022-08-04",성남-01-061-F-03.jpeg,""
"531",37.4480750000,127.1407810000,성남-01-062,경기도,성남시 수정구,금빛초등학교,성남수정경찰서,"2022-08-11",성남-01-062-F-01.jpeg,""
"532",37.4485060000,127.1425520000,성남-01-062,경기도,성남시 수정구,금빛초등학교,성남수정경찰서,"2022-08-11",성남-01-062-F-02.jpeg,""
"533",37.4486050000,127.1403680000,성남-01-062,경기도,성남시 수정구,금빛초등학교,성남수정경찰서,"2022-08-11",성남-01-062-F-03.jpeg,""
"534",37.4477080000,127.1407820000,성남-01-062,경기도,성남시 수정구,금빛초등학교,성남수정경찰서,"2022-08-11",성남-01-062-F-04.jpeg,""
"535",37.4473970000,127.1409390000,성남-01-062,경기도,성남시 수정구,금빛초등학교,성남수정경찰서,"2022-08-11",성남-01-062-F-05.jpeg,""
"536",37.4472460000,127.1409280000,성남-01-062,경기도,성남시 수정구,금빛초등학교,성남수정경찰서,"2022-08-11",성남-01-062-F-06.jpeg,""
"537",37.4468890000,127.1402970000,성남-01-062,경기도,성남시 수정구,금빛초등학교,성남수정경찰서,"2022-08-11",성남-01-062-F-07.jpeg,""
"538",37.4471850000,127.1391080000,성남-01-062,경기도,성남시 수정구,금빛초등학교,성남수정경찰서,"2022-08-11",성남-01-062-F-08.jpeg,""
"539",37.4476580000,127.1393810000,성남-01-062,경기도,성남시 수정구,금빛초등학교,성남수정경찰서,"2022-08-11",성남-01-062-F-09.jpeg,""
"540",37.4473930000,127.1387160000,성남-01-062,경기도,성남시 수정구,금빛초등학교,성남수정경찰서,"2022-08-11",성남-01-062-F-10.jpeg,""
"541",37.4468020000,127.1392860000,성남-01-062,경기도,성남시 수정구,금빛초등학교,성남수정경찰서,"2022-08-11",성남-01-062-F-11.jpeg,""
"542",37.4278860000,127.0979970000,성남-01-063,경기도,성남시 수정구,왕남초등학교,성남수정경찰서,"2022-09-02",성남-01-063-F-01.jpeg,""
"543",37.4277530000,127.0987370000,성남-01-063,경기도,성남시 수정구,왕남초등학교,성남수정경찰서,"2022-09-02",성남-01-063-F-02.jpeg,""
"544",37.4278380000,127.0995160000,성남-01-063,경기도,성남시 수정구,왕남초등학교,성남수정경찰서,"2022-09-02",성남-01-063-F-03.jpeg,""
"545",37.4279640000,127.0997120000,성남-01-063,경기도,성남시 수정구,왕남초등학교,성남수정경찰서,"2022-09-02",성남-01-063-F-04.jpeg,""
"546",37.4277930000,127.0987110000,성남-01-063,경기도,성남시 수정구,왕남초등학교,성남수정경찰서,"2022-09-02",성남-01-063-F-05.jpeg,""
"547",37.4261090000,127.1004520000,성남-01-063,경기도,성남시 수정구,왕남초등학교,성남수정경찰서,"2022-09-02",성남-01-063-F-06.jpeg,""
"548",37.4270330000,127.1005890000,성남-01-063,경기도,성남시 수정구,왕남초등학교,성남수정경찰서,"2022-09-02",성남-01-063-F-07.jpeg,""
"549",37.4279310000,127.1009150000,성남-01-063,경기도,성남시 수정구,왕남초등학교,성남수정경찰서,"2022-09-02",성남-01-063-F-08.jpeg,""
"550",37.4296120000,127.1007670000,성남-01-063,경기도,성남시 수정구,왕남초등학교,성남수정경찰서,"2022-09-02",성남-01-063-F-09.jpeg,""
"551",37.4296030000,127.1006630000,성남-01-063,경기도,성남시 수정구,왕남초등학교,성남수정경찰서,"2022-09-02",성남-01-063-F-10.jpeg,""
"552",37.4283460000,127.1008450000,성남-01-063,경기도,성남시 수정구,왕남초등학교,성남수정경찰서,"2022-09-02",성남-01-063-F-11.jpeg,""
"553",37.4277670000,127.1007710000,성남-01-063,경기도,성남시 수정구,왕남초등학교,성남수정경찰서,"2022-09-02",성남-01-063-F-12.jpeg,""
"554",37.4261090000,127.1003870000,성남-01-063,경기도,성남시 수정구,왕남초등학교,성남수정경찰서,"2022-09-02",성남-01-063-F-13.jpeg,""
"555",37.4451210000,127.1434760000,성남-01-064,경기도,성남시 수정구,성남초등학교,성남수정경찰서,"2022-08-17",성남-01-064-F-01.jpeg,""
"556",37.4463290000,127.1452640000,성남-01-064,경기도,성남시 수정구,성남초등학교,성남수정경찰서,"2022-08-17",성남-01-064-F-02.jpeg,""
"557",37.4459410000,127.1453210000,성남-01-064,경기도,성남시 수정구,성남초등학교,성남수정경찰서,"2022-08-17",성남-01-064-F-03.jpeg,""
"558",37.4457190000,127.1451360000,성남-01-064,경기도,성남시 수정구,성남초등학교,성남수정경찰서,"2022-08-17",성남-01-064-F-04.jpeg,""
"559",37.4452060000,127.1442420000,성남-01-064,경기도,성남시 수정구,성남초등학교,성남수정경찰서,"2022-08-17",성남-01-064-F-05.jpeg,""
"560",37.4469210000,127.1453390000,성남-01-064,경기도,성남시 수정구,성남초등학교,성남수정경찰서,"2022-08-17",성남-01-064-F-06.jpeg,""
"561",37.4446570000,127.1438260000,성남-01-064,경기도,성남시 수정구,성남초등학교,성남수정경찰서,"2022-08-17",성남-01-064-F-07.jpeg,""
"562",37.4460190000,127.1460830000,성남-01-064,경기도,성남시 수정구,성남초등학교,성남수정경찰서,"2022-08-17",성남-01-064-F-08.jpeg,""
"563",37.4285340000,127.1446930000,성남-01-065,경기도,성남시 중원구,검단초등학교,성남중원경찰서,"2022-09-01",성남-01-065-F-01.jpeg,""
"564",37.4287030000,127.1446910000,성남-01-065,경기도,성남시 중원구,검단초등학교,성남중원경찰서,"2022-09-01",성남-01-065-F-02.jpeg,""
"565",37.4289610000,127.1444210000,성남-01-065,경기도,성남시 중원구,검단초등학교,성남중원경찰서,"2022-09-01",성남-01-065-F-03.jpeg,""
"566",37.4289210000,127.1439510000,성남-01-065,경기도,성남시 중원구,검단초등학교,성남중원경찰서,"2022-09-01",성남-01-065-F-04.jpeg,""
"567",37.4285410000,127.1435270000,성남-01-065,경기도,성남시 중원구,검단초등학교,성남중원경찰서,"2022-09-01",성남-01-065-F-05.jpeg,""
"568",37.4288850000,127.1431550000,성남-01-065,경기도,성남시 중원구,검단초등학교,성남중원경찰서,"2022-09-01",성남-01-065-F-06.jpeg,""
"569",37.4288390000,127.1426290000,성남-01-065,경기도,성남시 중원구,검단초등학교,성남중원경찰서,"2022-09-01",성남-01-065-F-07.jpeg,""
"570",37.4291990000,127.1428390000,성남-01-065,경기도,성남시 중원구,검단초등학교,성남중원경찰서,"2022-09-01",성남-01-065-F-08.jpeg,""
"571",37.4293950000,127.1428190000,성남-01-065,경기도,성남시 중원구,검단초등학교,성남중원경찰서,"2022-09-01",성남-01-065-F-09.jpeg,""
"572",37.4302530000,127.1444930000,성남-01-065,경기도,성남시 중원구,검단초등학교,성남중원경찰서,"2022-09-01",성남-01-065-F-10.jpeg,""
"573",37.4298280000,127.1445350000,성남-01-065,경기도,성남시 중원구,검단초등학교,성남중원경찰서,"2022-09-01",성남-01-065-F-11.jpeg,""
"574",37.4298250000,127.1445690000,성남-01-065,경기도,성남시 중원구,검단초등학교,성남중원경찰서,"2022-09-01",성남-01-065-F-12.jpeg,""
"575",37.4295930000,127.1445880000,성남-01-065,경기도,성남시 중원구,검단초등학교,성남중원경찰서,"2022-09-01",성남-01-065-F-13.jpeg,""
"576",37.4292620000,127.1445790000,성남-01-065,경기도,성남시 중원구,검단초등학교,성남중원경찰서,"2022-09-01",성남-01-065-F-14.jpeg,""
"577",37.4290680000,127.1446520000,성남-01-065,경기도,성남시 중원구,검단초등학교,성남중원경찰서,"2022-09-01",성남-01-065-F-15.jpeg,""
"578",37.3403680000,127.1174610000,성남-01-066,경기도,성남시 분당구,불곡초등학교,분당경찰서,"2022-08-25",성남-01-066-F-01.jpeg,""
"579",37.3404530000,127.1177760000,성남-01-066,경기도,성남시 분당구,불곡초등학교,분당경찰서,"2022-08-25",성남-01-066-F-02.jpeg,""
"580",37.3403650000,127.1182050000,성남-01-066,경기도,성남시 분당구,불곡초등학교,분당경찰서,"2022-08-25",성남-01-066-F-03.jpeg,""
"581",37.3404320000,127.1185940000,성남-01-066,경기도,성남시 분당구,불곡초등학교,분당경찰서,"2022-08-25",성남-01-066-F-04.jpeg,""
"582",37.3402690000,127.1191860000,성남-01-066,경기도,성남시 분당구,불곡초등학교,분당경찰서,"2022-08-25",성남-01-066-F-05.jpeg,""
"583",37.3766080000,127.1334780000,성남-01-067,경기도,성남시 분당구,서당초등학교,분당경찰서,"2022-08-31",성남-01-067-F-01.jpeg,""
"584",37.3761350000,127.1339970000,성남-01-067,경기도,성남시 분당구,서당초등학교,분당경찰서,"2022-08-31",성남-01-067-F-02.jpeg,""
"585",37.3754350000,127.1348310000,성남-01-067,경기도,성남시 분당구,서당초등학교,분당경찰서,"2022-08-31",성남-01-067-F-03.jpeg,""
"586",37.3747720000,127.1355380000,성남-01-067,경기도,성남시 분당구,서당초등학교,분당경찰서,"2022-08-31",성남-01-067-F-04.jpeg,""
"587",37.3742620000,127.1361270000,성남-01-067,경기도,성남시 분당구,서당초등학교,분당경찰서,"2022-08-31",성남-01-067-F-05.jpeg,""
"588",37.4032870000,127.1235410000,성남-01-068,경기도,성남시 분당구,성남매송초등학교,분당경찰서,"2022-07-27",성남-01-068-F-01.jpeg,""
"589",37.4014910000,127.1235210000,성남-01-068,경기도,성남시 분당구,성남매송초등학교,분당경찰서,"2022-07-27",성남-01-068-F-02.jpeg,""
"590",37.4009660000,127.1236530000,성남-01-068,경기도,성남시 분당구,성남매송초등학교,분당경찰서,"2022-07-27",성남-01-068-F-03.jpeg,""
"591",37.3723710000,127.1075460000,성남-01-069,경기도,성남시 분당구,성남정자초등학교,분당경찰서,"2022-08-25",성남-01-069-F-01.jpeg,""
"592",37.3725220000,127.1067250000,성남-01-069,경기도,성남시 분당구,성남정자초등학교,분당경찰서,"2022-08-25",성남-01-069-F-02.jpeg,""
"593",37.3723710000,127.1064560000,성남-01-069,경기도,성남시 분당구,성남정자초등학교,분당경찰서,"2022-08-25",성남-01-069-F-03.jpeg,""
"594",37.3725230000,127.1054210000,성남-01-069,경기도,성남시 분당구,성남정자초등학교,분당경찰서,"2022-08-25",성남-01-069-F-04.jpeg,""
"595",37.3723650000,127.1054540000,성남-01-069,경기도,성남시 분당구,성남정자초등학교,분당경찰서,"2022-08-25",성남-01-069-F-05.jpeg,""
"596",37.3721260000,127.1058320000,성남-01-069,경기도,성남시 분당구,성남정자초등학교,분당경찰서,"2022-08-25",성남-01-069-F-06.jpeg,""
"597",37.3721310000,127.1059790000,성남-01-069,경기도,성남시 분당구,성남정자초등학교,분당경찰서,"2022-08-25",성남-01-069-F-07.jpeg,""
"598",37.3724560000,127.1400440000,성남-01-070,경기도,성남시 분당구,양영초등학교,분당경찰서,"2022-08-22",성남-01-070-F-01.jpeg,""
"599",37.3724640000,127.1398140000,성남-01-070,경기도,성남시 분당구,양영초등학교,분당경찰서,"2022-08-22",성남-01-070-F-02.jpeg,""
"600",37.3723520000,127.1397420000,성남-01-070,경기도,성남시 분당구,양영초등학교,분당경찰서,"2022-08-22",성남-01-070-F-03.jpeg,""
"601",37.3728170000,127.1390740000,성남-01-070,경기도,성남시 분당구,양영초등학교,분당경찰서,"2022-08-22",성남-01-070-F-04.jpeg,""
"602",37.3747870000,127.1388210000,성남-01-070,경기도,성남시 분당구,양영초등학교,분당경찰서,"2022-08-22",성남-01-070-F-05.jpeg,""
"603",37.3743040000,127.1382090000,성남-01-070,경기도,성남시 분당구,양영초등학교,분당경찰서,"2022-08-22",성남-01-070-F-06.jpeg,""
"604",37.3747810000,127.1388380000,성남-01-070,경기도,성남시 분당구,양영초등학교,분당경찰서,"2022-08-22",성남-01-070-F-07.jpeg,""
"605",37.3742910000,127.1382210000,성남-01-070,경기도,성남시 분당구,양영초등학교,분당경찰서,"2022-08-22",성남-01-070-F-08.jpeg,""
"606",37.4143680000,127.1390370000,성남-01-071,경기도,성남시 분당구,중탑초등학교,분당경찰서,"2022-08-29",성남-01-071-F-01.jpeg,""
"607",37.4140640000,127.1389630000,성남-01-071,경기도,성남시 분당구,중탑초등학교,분당경찰서,"2022-08-29",성남-01-071-F-02.jpeg,""
"608",37.4138030000,127.1388280000,성남-01-071,경기도,성남시 분당구,중탑초등학교,분당경찰서,"2022-08-29",성남-01-071-F-03.jpeg,""
"609",37.4135370000,127.1388240000,성남-01-071,경기도,성남시 분당구,중탑초등학교,분당경찰서,"2022-08-29",성남-01-071-F-04.jpeg,""
"610",37.4131470000,127.1390940000,성남-01-071,경기도,성남시 분당구,중탑초등학교,분당경찰서,"2022-08-29",성남-01-071-F-05.jpeg,""
"611",37.4130280000,127.1382840000,성남-01-071,경기도,성남시 분당구,중탑초등학교,분당경찰서,"2022-08-29",성남-01-071-F-06.jpeg,""
"612",37.4127910000,127.1386840000,성남-01-071,경기도,성남시 분당구,중탑초등학교,분당경찰서,"2022-08-29",성남-01-071-F-07.jpeg,""
"613",37.3760710000,127.1176930000,성남-01-072,경기도,성남시 분당구,초림초등학교,분당경찰서,"2022-08-31",성남-01-072-F-01.jpeg,""
"614",37.3757890000,127.1180080000,성남-01-072,경기도,성남시 분당구,초림초등학교,분당경찰서,"2022-08-31",성남-01-072-F-02.jpeg,""
"615",37.3672260000,127.0711070000,성남-01-073,경기도,성남시 분당구,판교대장초등학교,분당경찰서,"2022-08-31",성남-01-073-F-01.jpeg,""
"616",37.3679720000,127.0706980000,성남-01-073,경기도,성남시 분당구,판교대장초등학교,분당경찰서,"2022-08-31",성남-01-073-F-02.jpeg,""
"617",37.3683710000,127.0705970000,성남-01-073,경기도,성남시 분당구,판교대장초등학교,분당경찰서,"2022-08-31",성남-01-073-F-03.jpeg,""
"618",37.3690720000,127.0699090000,성남-01-073,경기도,성남시 분당구,판교대장초등학교,분당경찰서,"2022-08-31",성남-01-073-F-04.jpeg,""
"619",37.3699820000,127.0692210000,성남-01-073,경기도,성남시 분당구,판교대장초등학교,분당경찰서,"2022-08-31",성남-01-073-F-05.jpeg,""
"620",37.3700510000,127.0693590000,성남-01-073,경기도,성남시 분당구,판교대장초등학교,분당경찰서,"2022-08-31",성남-01-073-F-06.jpeg,""
"621",37.3703650000,127.0689340000,성남-01-073,경기도,성남시 분당구,판교대장초등학교,분당경찰서,"2022-08-31",성남-01-073-F-07.jpeg,""
"622",37.3704370000,127.0690580000,성남-01-073,경기도,성남시 분당구,판교대장초등학교,분당경찰서,"2022-08-31",성남-01-073-F-08.jpeg,""
"623",37.3706130000,127.0687420000,성남-01-073,경기도,성남시 분당구,판교대장초등학교,분당경찰서,"2022-08-31",성남-01-073-F-09.jpeg,""
"624",37.3705710000,127.0695570000,성남-01-073,경기도,성남시 분당구,판교대장초등학교,분당경찰서,"2022-08-31",성남-01-073-F-10.jpeg,""
"625",37.3671960000,127.0685470000,성남-01-073,경기도,성남시 분당구,판교대장초등학교,분당경찰서,"2022-08-31",성남-01-073-F-11.jpeg,""
"626",37.3670840000,127.0686430000,성남-01-073,경기도,성남시 분당구,판교대장초등학교,분당경찰서,"2022-08-31",성남-01-073-F-12.jpeg,""
"627",37.3669840000,127.0687710000,성남-01-073,경기도,성남시 분당구,판교대장초등학교,분당경찰서,"2022-08-31",성남-01-073-F-13.jpeg,""
"628",37.3672820000,127.0685980000,성남-01-073,경기도,성남시 분당구,판교대장초등학교,분당경찰서,"2022-08-31",성남-01-073-F-14.jpeg,""
"629",37.4526070000,127.1501660000,성남-01-074,경기도,성남시 수정구,별빛유치원,성남수정경찰서,"2022-08-17",성남-01-074-F-01.jpeg,""
"630",37.4488610000,127.1427650000,성남-01-076,경기도,성남시 수정구,신흥성모유치원,성남수정경찰서,"2022-09-02",성남-01-076-F-01.jpeg,""
"631",37.4496090000,127.1422410000,성남-01-076,경기도,성남시 수정구,신흥성모유치원,성남수정경찰서,"2022-09-02",성남-01-076-F-02.jpeg,""
"632",37.4502640000,127.1417770000,성남-01-076,경기도,성남시 수정구,신흥성모유치원,성남수정경찰서,"2022-09-02",성남-01-076-F-03.jpeg,""
"633",37.4490250000,127.1428920000,성남-01-076,경기도,성남시 수정구,신흥성모유치원,성남수정경찰서,"2022-09-02",성남-01-076-F-04.jpeg,""
"634",37.4485810000,127.1433050000,성남-01-076,경기도,성남시 수정구,신흥성모유치원,성남수정경찰서,"2022-09-02",성남-01-076-F-05.jpeg,""
"635",37.4466440000,127.1449780000,성남-01-076,경기도,성남시 수정구,신흥성모유치원,성남수정경찰서,"2022-09-02",성남-01-076-F-06.jpeg,""
"636",37.4481830000,127.1433910000,성남-01-076,경기도,성남시 수정구,신흥성모유치원,성남수정경찰서,"2022-09-02",성남-01-076-F-07.jpeg,""
"637",37.4674210000,127.1379120000,성남-01-077,경기도,성남시 수정구,은솔유치원,성남수정경찰서,"2022-08-25",성남-01-077-F-01.jpeg,""
"638",37.4675910000,127.1379350000,성남-01-077,경기도,성남시 수정구,은솔유치원,성남수정경찰서,"2022-08-25",성남-01-077-F-02.jpeg,""
"639",37.4675820000,127.1375880000,성남-01-077,경기도,성남시 수정구,은솔유치원,성남수정경찰서,"2022-08-25",성남-01-077-F-03.jpeg,""
"640",37.4678410000,127.1379810000,성남-01-077,경기도,성남시 수정구,은솔유치원,성남수정경찰서,"2022-08-25",성남-01-077-F-04.jpeg,""
"641",37.4679120000,127.1379840000,성남-01-077,경기도,성남시 수정구,은솔유치원,성남수정경찰서,"2022-08-25",성남-01-077-F-05.jpeg,""
"642",37.4679710000,127.1379920000,성남-01-077,경기도,성남시 수정구,은솔유치원,성남수정경찰서,"2022-08-25",성남-01-077-F-06.jpeg,""
"643",37.4680510000,127.1379250000,성남-01-077,경기도,성남시 수정구,은솔유치원,성남수정경찰서,"2022-08-25",성남-01-077-F-07.jpeg,""
"644",37.4680130000,127.1386910000,성남-01-077,경기도,성남시 수정구,은솔유치원,성남수정경찰서,"2022-08-25",성남-01-077-F-08.jpeg,""
"645",37.4675780000,127.1388590000,성남-01-077,경기도,성남시 수정구,은솔유치원,성남수정경찰서,"2022-08-25",성남-01-077-F-09.jpeg,""
"646",37.4675470000,127.1386550000,성남-01-077,경기도,성남시 수정구,은솔유치원,성남수정경찰서,"2022-08-25",성남-01-077-F-10.jpeg,""
"647",37.4675380000,127.1385510000,성남-01-077,경기도,성남시 수정구,은솔유치원,성남수정경찰서,"2022-08-25",성남-01-077-F-11.jpeg,""
"648",37.4675460000,127.1386190000,성남-01-077,경기도,성남시 수정구,은솔유치원,성남수정경찰서,"2022-08-25",성남-01-077-F-12.jpeg,""
"649",37.4702730000,127.1470910000,성남-01-078,경기도,성남시 중원구,위례새초롱유치원,성남수정경찰서,"2022-08-25",성남-01-078-F-01.jpeg,""
"650",37.4699140000,127.1476780000,성남-01-078,경기도,성남시 중원구,위례새초롱유치원,성남수정경찰서,"2022-08-25",성남-01-078-F-02.jpeg,""
"651",37.4695960000,127.1480760000,성남-01-078,경기도,성남시 중원구,위례새초롱유치원,성남수정경찰서,"2022-08-25",성남-01-078-F-03.jpeg,""
"652",37.4699810000,127.1485320000,성남-01-078,경기도,성남시 중원구,위례새초롱유치원,성남수정경찰서,"2022-08-25",성남-01-078-F-04.jpeg,""
"653",37.4697520000,127.1497890000,성남-01-078,경기도,성남시 중원구,위례새초롱유치원,성남수정경찰서,"2022-08-25",성남-01-078-F-05.jpeg,""
"654",37.4674010000,127.1513030000,성남-01-079,경기도,성남시 수정구,위례하늘유치원,성남수정경찰서,"2022-09-02",성남-01-079-F-01.jpeg,""
"655",37.4674750000,127.1508790000,성남-01-079,경기도,성남시 수정구,위례하늘유치원,성남수정경찰서,"2022-09-02",성남-01-079-F-02.jpeg,""
"656",37.4674870000,127.1507310000,성남-01-079,경기도,성남시 수정구,위례하늘유치원,성남수정경찰서,"2022-09-02",성남-01-079-F-03.jpeg,""
"657",37.4673370000,127.1512780000,성남-01-079,경기도,성남시 수정구,위례하늘유치원,성남수정경찰서,"2022-09-02",성남-01-079-F-04.jpeg,""
"658",37.4270450000,127.0963270000,성남-01-080,경기도,성남시 수정구,고등나래유치원,성남수정경찰서,"2022-09-02",성남-01-080-F-01.jpeg,""
"659",37.4432670000,127.1345570000,성남-01-081,경기도,성남시 수정구,은서유치원,성남수정경찰서,"2022-09-02",성남-01-081-F-01.jpeg,""
"660",37.4527220000,127.1625430000,성남-01-082,경기도,성남시 중원구,선경유치원,성남중원경찰서,"2022-08-04",성남-01-082-F-01.jpeg,""
"661",37.4348270000,127.1432470000,성남-01-083,경기도,성남시 중원구,예원유치원,성남중원경찰서,"2022-08-26",성남-01-083-F-01.jpeg,""
"662",37.4339770000,127.1428650000,성남-01-083,경기도,성남시 중원구,예원유치원,성남중원경찰서,"2022-08-26",성남-01-083-F-02.jpeg,""
"663",37.4342630000,127.1423910000,성남-01-083,경기도,성남시 중원구,예원유치원,성남중원경찰서,"2022-08-26",성남-01-083-F-03.jpeg,""
"664",37.4479720000,127.1630570000,성남-01-084,경기도,성남시 중원구,다솜유치원,성남중원경찰서,"2022-08-22",성남-01-084-F-01.jpeg,""
"665",37.4146810000,127.1485270000,성남-01-085,경기도,성남시 중원구,도촌유치원,성남중원경찰서,"2022-08-04",성남-01-085-F-01.jpeg,""
"666",37.4148350000,127.1482450000,성남-01-085,경기도,성남시 중원구,도촌유치원,성남중원경찰서,"2022-08-04",성남-01-085-F-02.jpeg,""
"667",37.4141980000,127.1495940000,성남-01-085,경기도,성남시 중원구,도촌유치원,성남중원경찰서,"2022-08-04",성남-01-085-F-03.jpeg,""
"668",37.4137760000,127.1499820000,성남-01-085,경기도,성남시 중원구,도촌유치원,성남중원경찰서,"2022-08-04",성남-01-085-F-04.jpeg,""
"669",37.4138250000,127.1501180000,성남-01-085,경기도,성남시 중원구,도촌유치원,성남중원경찰서,"2022-08-04",성남-01-085-F-05.jpeg,""
"670",37.4143520000,127.1507630000,성남-01-085,경기도,성남시 중원구,도촌유치원,성남중원경찰서,"2022-08-04",성남-01-085-F-06.jpeg,""
"671",37.3670860000,127.1255480000,성남-01-086,경기도,성남시 분당구,아름다운유치원,분당경찰서,"2022-08-22",성남-01-086-F-01.jpeg,""
"672",37.3674130000,127.1253080000,성남-01-086,경기도,성남시 분당구,아름다운유치원,분당경찰서,"2022-08-22",성남-01-086-F-02.jpeg,""
"673",37.3676090000,127.1251670000,성남-01-086,경기도,성남시 분당구,아름다운유치원,분당경찰서,"2022-08-22",성남-01-086-F-03.jpeg,""
"674",37.3684730000,127.1111520000,성남-01-087,경기도,성남시 분당구,안촌유치원,분당경찰서,"2022-08-11",성남-01-087-F-01.jpeg,""
"675",37.3684850000,127.1120410000,성남-01-087,경기도,성남시 분당구,안촌유치원,분당경찰서,"2022-08-11",성남-01-087-F-02.jpeg,""
"676",37.3685930000,127.1120470000,성남-01-087,경기도,성남시 분당구,안촌유치원,분당경찰서,"2022-08-11",성남-01-087-F-03.jpeg,""
"677",37.3686020000,127.1126680000,성남-01-087,경기도,성남시 분당구,안촌유치원,분당경찰서,"2022-08-11",성남-01-087-F-04.jpeg,""
"678",37.3725530000,127.1380460000,성남-01-088,경기도,성남시 분당구,세화유치원,분당경찰서,"2022-08-22",성남-01-088-F-01.jpeg,""
"679",37.3733110000,127.1417910000,성남-01-089,경기도,성남시 분당구,분당중앙유치원,분당경찰서,"2022-08-17",성남-01-089-F-01.jpeg,""
"680",37.3723150000,127.1409060000,성남-01-089,경기도,성남시 분당구,분당중앙유치원,분당경찰서,"2022-08-17",성남-01-089-F-02.jpeg,""
"681",37.3719950000,127.1406050000,성남-01-089,경기도,성남시 분당구,분당중앙유치원,분당경찰서,"2022-08-17",성남-01-089-F-03.jpeg,""
"682",37.3477910000,127.1119720000,성남-01-090,경기도,성남시 분당구,꿈터유치원,분당경찰서,"2022-08-22",성남-01-090-F-01.jpeg,""
"683",37.3475750000,127.1120650000,성남-01-090,경기도,성남시 분당구,꿈터유치원,분당경찰서,"2022-08-22",성남-01-090-F-02.jpeg,""
"684",37.4065620000,127.1424110000,성남-01-091,경기도,성남시 분당구,배성유치원,분당경찰서,"2022-08-31",성남-01-091-F-01.jpeg,""
"685",37.4056690000,127.1443610000,성남-01-091,경기도,성남시 분당구,배성유치원,분당경찰서,"2022-08-31",성남-01-091-F-02.jpeg,""
"686",37.3527350000,127.1120020000,성남-01-092,경기도,성남시 분당구,이솔유치원,분당경찰서,"2022-08-25",성남-01-092-F-01.jpeg,""
"687",37.3526670000,127.1124450000,성남-01-092,경기도,성남시 분당구,이솔유치원,분당경찰서,"2022-08-25",성남-01-092-F-02.jpeg,""
"688",37.3402490000,127.1241370000,성남-01-093,경기도,성남시 분당구,분당성모유치원,분당경찰서,"2022-08-25",성남-01-093-F-01.jpeg,""
"689",37.3402690000,127.1241010000,성남-01-093,경기도,성남시 분당구,분당성모유치원,분당경찰서,"2022-08-25",성남-01-093-F-02.jpeg,""
"690",37.3931350000,127.0756360000,성남-01-094,경기도,성남시 분당구,판교샘유치원,분당경찰서,"2022-09-01",성남-01-094-F-01.jpeg,""
"691",37.3931940000,127.0756360000,성남-01-094,경기도,성남시 분당구,판교샘유치원,분당경찰서,"2022-09-01",성남-01-094-F-02.jpeg,""
"692",37.3931930000,127.0724880000,성남-01-094,경기도,성남시 분당구,판교샘유치원,분당경찰서,"2022-09-01",성남-01-094-F-03.jpeg,""
"693",37.3931060000,127.0724910000,성남-01-094,경기도,성남시 분당구,판교샘유치원,분당경찰서,"2022-09-01",성남-01-094-F-04.jpeg,""
"694",37.3931910000,127.0721960000,성남-01-094,경기도,성남시 분당구,판교샘유치원,분당경찰서,"2022-09-01",성남-01-094-F-05.jpeg,""
"695",37.3931090000,127.0721960000,성남-01-094,경기도,성남시 분당구,판교샘유치원,분당경찰서,"2022-09-01",성남-01-094-F-06.jpeg,""
"696",37.3930190000,127.0721330000,성남-01-094,경기도,성남시 분당구,판교샘유치원,분당경찰서,"2022-09-01",성남-01-094-F-07.jpeg,""
"697",37.3930190000,127.0721050000,성남-01-094,경기도,성남시 분당구,판교샘유치원,분당경찰서,"2022-09-01",성남-01-094-F-08.jpeg,""
"698",37.3931740000,127.0712370000,성남-01-094,경기도,성남시 분당구,판교샘유치원,분당경찰서,"2022-09-01",성남-01-094-F-09.jpeg,""
"699",37.3931130000,127.0712410000,성남-01-094,경기도,성남시 분당구,판교샘유치원,분당경찰서,"2022-09-01",성남-01-094-F-10.jpeg,""
"700",37.3709060000,127.1398780000,성남-01-095,경기도,성남시 분당구,장안유치원,분당경찰서,"2022-08-17",성남-01-095-F-01.jpeg,""
"701",37.4157990000,127.1368770000,성남-01-096,경기도,성남시 분당구,뽀뽀뽀유치원,분당경찰서,"2022-08-25",성남-01-096-F-01.jpeg,""
"702",37.4151780000,127.1378190000,성남-01-096,경기도,성남시 분당구,뽀뽀뽀유치원,분당경찰서,"2022-08-25",성남-01-096-F-02.jpeg,""
"703",37.4148280000,127.1385110000,성남-01-096,경기도,성남시 분당구,뽀뽀뽀유치원,분당경찰서,"2022-08-25",성남-01-096-F-03.jpeg,""
"704",37.4149540000,127.1385470000,성남-01-096,경기도,성남시 분당구,뽀뽀뽀유치원,분당경찰서,"2022-08-25",성남-01-096-F-04.jpeg,""
"705",37.4147210000,127.1396190000,성남-01-096,경기도,성남시 분당구,뽀뽀뽀유치원,분당경찰서,"2022-08-25",성남-01-096-F-05.jpeg,""
"706",37.4145710000,127.1408050000,성남-01-096,경기도,성남시 분당구,뽀뽀뽀유치원,분당경찰서,"2022-08-25",성남-01-096-F-06.jpeg,""
"707",37.4144540000,127.1414670000,성남-01-096,경기도,성남시 분당구,뽀뽀뽀유치원,분당경찰서,"2022-08-25",성남-01-096-F-07.jpeg,""
"708",37.4144690000,127.1407130000,성남-01-096,경기도,성남시 분당구,뽀뽀뽀유치원,분당경찰서,"2022-08-25",성남-01-096-F-08.jpeg,""
"709",37.3595680000,127.1248350000,성남-01-097,경기도,성남시 분당구,창조유치원,분당경찰서,"2022-08-26",성남-01-097-F-01.jpeg,""
"710",37.3593460000,127.1244140000,성남-01-097,경기도,성남시 분당구,창조유치원,분당경찰서,"2022-08-26",성남-01-097-F-02.jpeg,""
"711",37.3593770000,127.1243410000,성남-01-097,경기도,성남시 분당구,창조유치원,분당경찰서,"2022-08-26",성남-01-097-F-03.jpeg,""
"712",37.3598410000,127.1245730000,성남-01-097,경기도,성남시 분당구,창조유치원,분당경찰서,"2022-08-26",성남-01-097-F-04.jpeg,""
"713",37.3894330000,127.0976640000,성남-01-098,경기도,성남시 분당구,해나유치원,분당경찰서,"2022-08-25",성남-01-098-F-01.jpeg,""
"714",37.3899650000,127.0976090000,성남-01-098,경기도,성남시 분당구,해나유치원,분당경찰서,"2022-08-25",성남-01-098-F-02.jpeg,""
"715",37.3905390000,127.0977360000,성남-01-098,경기도,성남시 분당구,해나유치원,분당경찰서,"2022-08-25",성남-01-098-F-03.jpeg,""
"716",37.3910170000,127.0977740000,성남-01-098,경기도,성남시 분당구,해나유치원,분당경찰서,"2022-08-25",성남-01-098-F-04.jpeg,""
"717",37.3906940000,127.0979410000,성남-01-098,경기도,성남시 분당구,해나유치원,분당경찰서,"2022-08-25",성남-01-098-F-05.jpeg,""
"718",37.3903920000,127.0981090000,성남-01-098,경기도,성남시 분당구,해나유치원,분당경찰서,"2022-08-25",성남-01-098-F-06.jpeg,""
"719",37.3896560000,127.0978530000,성남-01-098,경기도,성남시 분당구,해나유치원,분당경찰서,"2022-08-25",성남-01-098-F-07.jpeg,""
"720",37.4042620000,127.1253770000,성남-01-099,경기도,성남시 분당구,꾸러기유치원,분당경찰서,"2022-07-27",성남-01-099-F-01.jpeg,""
"721",37.3712660000,127.1262780000,성남-01-100,경기도,성남시 분당구,샛별유치원,분당경찰서,"2022-08-22",성남-01-100-F-01.jpeg,""
"722",37.3705470000,127.1271110000,성남-01-100,경기도,성남시 분당구,샛별유치원,분당경찰서,"2022-08-22",성남-01-100-F-02.jpeg,""
"723",37.3701950000,127.1277630000,성남-01-100,경기도,성남시 분당구,샛별유치원,분당경찰서,"2022-08-22",성남-01-100-F-03.jpeg,""
"724",37.3696150000,127.1284280000,성남-01-100,경기도,성남시 분당구,샛별유치원,분당경찰서,"2022-08-22",성남-01-100-F-04.jpeg,""
"725",37.3693720000,127.1284110000,성남-01-100,경기도,성남시 분당구,샛별유치원,분당경찰서,"2022-08-22",성남-01-100-F-05.jpeg,""
"726",37.4113090000,127.1338110000,성남-01-101,경기도,성남시 분당구,성마르코유치원,분당경찰서,"2022-07-27",성남-01-101-F-01.jpeg,""
"727",37.4109040000,127.1334840000,성남-01-101,경기도,성남시 분당구,성마르코유치원,분당경찰서,"2022-07-27",성남-01-101-F-02.jpeg,""
"728",37.4109320000,127.1327440000,성남-01-101,경기도,성남시 분당구,성마르코유치원,분당경찰서,"2022-07-27",성남-01-101-F-03.jpeg,""
"729",37.4106140000,127.1339280000,성남-01-101,경기도,성남시 분당구,성마르코유치원,분당경찰서,"2022-07-27",성남-01-101-F-04.jpeg,""
"730",37.3932010000,127.1307340000,성남-01-102,경기도,성남시 분당구,동명유치원,분당경찰서,"2022-08-25",성남-01-102-F-01.jpeg,""
"731",37.3929490000,127.1311280000,성남-01-102,경기도,성남시 분당구,동명유치원,분당경찰서,"2022-08-25",성남-01-102-F-02.jpeg,""
"732",37.3937660000,127.1298650000,성남-01-102,경기도,성남시 분당구,동명유치원,분당경찰서,"2022-08-25",성남-01-102-F-03.jpeg,""
"733",37.3939690000,127.1293370000,성남-01-102,경기도,성남시 분당구,동명유치원,분당경찰서,"2022-08-25",성남-01-102-F-04.jpeg,""
"734",37.3938330000,127.1299160000,성남-01-102,경기도,성남시 분당구,동명유치원,분당경찰서,"2022-08-25",성남-01-102-F-05.jpeg,""
"735",37.3931930000,127.1306230000,성남-01-102,경기도,성남시 분당구,동명유치원,분당경찰서,"2022-08-25",성남-01-102-F-06.jpeg,""
"736",37.3604270000,127.1117640000,성남-01-103,경기도,성남시 분당구,은혜유치원,분당경찰서,"2022-08-17",성남-01-103-F-01.jpeg,""
"737",37.3612010000,127.1117150000,성남-01-103,경기도,성남시 분당구,은혜유치원,분당경찰서,"2022-08-17",성남-01-103-F-02.jpeg,""
"738",37.3607210000,127.1122930000,성남-01-103,경기도,성남시 분당구,은혜유치원,분당경찰서,"2022-08-17",성남-01-103-F-03.jpeg,""
"739",37.3612030000,127.1121280000,성남-01-103,경기도,성남시 분당구,은혜유치원,분당경찰서,"2022-08-17",성남-01-103-F-04.jpeg,""
"740",37.3617190000,127.1120450000,성남-01-103,경기도,성남시 분당구,은혜유치원,분당경찰서,"2022-08-17",성남-01-103-F-05.jpeg,""
"741",37.3617120000,127.1125230000,성남-01-103,경기도,성남시 분당구,은혜유치원,분당경찰서,"2022-08-17",성남-01-103-F-06.jpeg,""
"742",37.3986080000,127.0970150000,성남-01-104,경기도,성남시 분당구,숲리라유치원,분당경찰서,"2022-08-25",성남-01-104-F-01.jpeg,""
"743",37.3988460000,127.0975040000,성남-01-104,경기도,성남시 분당구,숲리라유치원,분당경찰서,"2022-08-25",성남-01-104-F-02.jpeg,""
"744",37.3513450000,127.1101430000,성남-01-105,경기도,성남시 분당구,즐거운유치원,분당경찰서,"2022-08-22",성남-01-105-F-01.jpeg,""
"745",37.3514210000,127.1108320000,성남-01-105,경기도,성남시 분당구,즐거운유치원,분당경찰서,"2022-08-22",성남-01-105-F-02.jpeg,""
"746",37.3511880000,127.1114550000,성남-01-105,경기도,성남시 분당구,즐거운유치원,분당경찰서,"2022-08-22",성남-01-105-F-03.jpeg,""
"747",37.3512380000,127.1115030000,성남-01-105,경기도,성남시 분당구,즐거운유치원,분당경찰서,"2022-08-22",성남-01-105-F-04.jpeg,""
"748",37.3509520000,127.1119950000,성남-01-105,경기도,성남시 분당구,즐거운유치원,분당경찰서,"2022-08-22",성남-01-105-F-05.jpeg,""
"749",37.4445150000,127.1597790000,성남-01-107,경기도,성남시 중원구,혜성유치원,성남중원경찰서,"2022-08-22",성남-01-107-F-01.jpeg,""
"750",37.4496410000,127.1547640000,성남-01-108,경기도,성남시 수정구,단대어린이집,성남수정경찰서,"2022-08-17",성남-01-108-F-01.jpeg,""
"751",37.4494180000,127.1549810000,성남-01-108,경기도,성남시 수정구,단대어린이집,성남수정경찰서,"2022-08-17",성남-01-108-F-02.jpeg,""
"752",37.4490640000,127.1553560000,성남-01-108,경기도,성남시 수정구,단대어린이집,성남수정경찰서,"2022-08-17",성남-01-108-F-03.jpeg,""
"753",37.4493210000,127.1558130000,성남-01-108,경기도,성남시 수정구,단대어린이집,성남수정경찰서,"2022-08-17",성남-01-108-F-04.jpeg,""
"754",37.4493210000,127.1558470000,성남-01-108,경기도,성남시 수정구,단대어린이집,성남수정경찰서,"2022-08-17",성남-01-108-F-05.jpeg,""
"755",37.4497480000,127.1560430000,성남-01-108,경기도,성남시 수정구,단대어린이집,성남수정경찰서,"2022-08-17",성남-01-108-F-06.jpeg,""
"756",37.4497610000,127.1560110000,성남-01-108,경기도,성남시 수정구,단대어린이집,성남수정경찰서,"2022-08-17",성남-01-108-F-07.jpeg,""
"757",37.4532330000,127.1503560000,성남-01-109,경기도,성남시 수정구,산성어린이집,성남수정경찰서,"2022-08-17",성남-01-109-F-01.jpeg,""
"758",37.4530140000,127.1508170000,성남-01-109,경기도,성남시 수정구,산성어린이집,성남수정경찰서,"2022-08-17",성남-01-109-F-02.jpeg,""
"759",37.4381240000,127.1384360000,성남-01-111,경기도,성남시 수정구,수진동어린이집,성남수정경찰서,"2022-08-26",성남-01-111-F-01.jpeg,""
"760",37.4415910000,127.1282350000,성남-01-113,경기도,성남시 수정구,리틀플러스어린이집,성남수정경찰서,"2022-08-04",성남-01-113-F-01.jpeg,""
"761",37.4355680000,127.1278140000,성남-01-114,경기도,성남시 수정구,한양어린이집,성남수정경찰서,"2022-08-04",성남-01-114-F-01.jpeg,""
"762",37.4363490000,127.1277080000,성남-01-114,경기도,성남시 수정구,한양어린이집,성남수정경찰서,"2022-08-04",성남-01-114-F-02.jpeg,""
"763",37.4429910000,127.1488810000,성남-01-115,경기도,성남시 수정구,신흥제3어린이집,성남수정경찰서,"2022-08-11",성남-01-115-F-01.jpeg,""
"764",37.4434680000,127.1491720000,성남-01-115,경기도,성남시 수정구,신흥제3어린이집,성남수정경찰서,"2022-08-11",성남-01-115-F-02.jpeg,""
"765",37.4436260000,127.1484090000,성남-01-115,경기도,성남시 수정구,신흥제3어린이집,성남수정경찰서,"2022-08-11",성남-01-115-F-03.jpeg,""
"766",37.4439620000,127.1480820000,성남-01-115,경기도,성남시 수정구,신흥제3어린이집,성남수정경찰서,"2022-08-11",성남-01-115-F-04.jpeg,""
"767",37.4610350000,127.1301970000,성남-01-116,경기도,성남시 수정구,복정어린이집,성남수정경찰서,"2022-08-25",성남-01-116-F-01.jpeg,""
"768",37.4610850000,127.1301510000,성남-01-116,경기도,성남시 수정구,복정어린이집,성남수정경찰서,"2022-08-25",성남-01-116-F-02.jpeg,""
"769",37.4634490000,127.1290740000,성남-01-117,경기도,성남시 수정구,복정2어린이집,성남수정경찰서,"2022-08-25",성남-01-117-F-01.jpeg,""
"770",37.4634790000,127.1291280000,성남-01-117,경기도,성남시 수정구,복정2어린이집,성남수정경찰서,"2022-08-25",성남-01-117-F-02.jpeg,""
"771",37.4422910000,127.1347260000,성남-01-118,경기도,성남시 수정구,아이세상어린이집,성남수정경찰서,"2022-09-02",성남-01-118-F-01.jpeg,""
"772",37.4420180000,127.1586550000,성남-01-120,경기도,성남시 중원구,중앙동어린이집,성남중원경찰서,"2022-08-22",성남-01-120-F-01.jpeg,""
"773",37.4424410000,127.1577270000,성남-01-120,경기도,성남시 중원구,중앙동어린이집,성남중원경찰서,"2022-08-22",성남-01-120-F-02.jpeg,""
"774",37.4426510000,127.1568430000,성남-01-120,경기도,성남시 중원구,중앙동어린이집,성남중원경찰서,"2022-08-22",성남-01-120-F-03.jpeg,""
"775",37.4426410000,127.1563480000,성남-01-120,경기도,성남시 중원구,중앙동어린이집,성남중원경찰서,"2022-08-22",성남-01-120-F-04.jpeg,""
"776",37.4426270000,127.1563210000,성남-01-120,경기도,성남시 중원구,중앙동어린이집,성남중원경찰서,"2022-08-22",성남-01-120-F-05.jpeg,""
"777",37.4483980000,127.1631850000,성남-01-121,경기도,성남시 중원구,금광2어린이집,성남중원경찰서,"2022-08-26",성남-01-121-F-01.jpeg,""
"778",37.4276610000,127.1495780000,성남-01-122,경기도,성남시 중원구,하대원어린이집,성남중원경찰서,"2022-09-01",성남-01-122-F-01.jpeg,""
"779",37.3691310000,127.1427640000,성남-01-124,경기도,성남시 분당구,분당동어린이집,분당경찰서,"2022-08-17",성남-01-124-F-01.jpeg,""
"780",37.3687650000,127.1433480000,성남-01-124,경기도,성남시 분당구,분당동어린이집,분당경찰서,"2022-08-17",성남-01-124-F-02.jpeg,""
"781",37.3688230000,127.1438620000,성남-01-124,경기도,성남시 분당구,분당동어린이집,분당경찰서,"2022-08-17",성남-01-124-F-03.jpeg,""
"782",37.3688190000,127.1433790000,성남-01-124,경기도,성남시 분당구,분당동어린이집,분당경찰서,"2022-08-17",성남-01-124-F-04.jpeg,""
"783",37.3691660000,127.1428240000,성남-01-124,경기도,성남시 분당구,분당동어린이집,분당경찰서,"2022-08-17",성남-01-124-F-05.jpeg,""
"784",37.3864020000,127.0885090000,성남-01-125,경기도,성남시 분당구,판교어린이집,분당경찰서,"2022-09-01",성남-01-125-F-01.jpeg,""
"785",37.3863280000,127.0885110000,성남-01-125,경기도,성남시 분당구,판교어린이집,분당경찰서,"2022-09-01",성남-01-125-F-02.jpeg,""
"786",37.3864640000,127.0872550000,성남-01-125,경기도,성남시 분당구,판교어린이집,분당경찰서,"2022-09-01",성남-01-125-F-03.jpeg,""
"787",37.3864010000,127.0872210000,성남-01-125,경기도,성남시 분당구,판교어린이집,분당경찰서,"2022-09-01",성남-01-125-F-04.jpeg,""
"788",37.3822860000,127.1257730000,성남-01-126,경기도,성남시 분당구,서현어린이집,분당경찰서,"2022-08-22",성남-01-126-F-01.jpeg,""
"789",37.3821080000,127.1260210000,성남-01-126,경기도,성남시 분당구,서현어린이집,분당경찰서,"2022-08-22",성남-01-126-F-02.jpeg,""
"790",37.3815260000,127.1271830000,성남-01-126,경기도,성남시 분당구,서현어린이집,분당경찰서,"2022-08-22",성남-01-126-F-03.jpeg,""
"791",37.3709080000,127.1151390000,성남-01-127,경기도,성남시 분당구,성남숲어린이집,분당경찰서,"2022-08-25",성남-01-127-F-01.jpeg,""
"792",37.3913890000,127.1333410000,성남-01-128,경기도,성남시 분당구,갈보리어린이집,분당경찰서,"2022-08-25",성남-01-128-F-01.jpeg,""
"793",37.3912690000,127.1338510000,성남-01-128,경기도,성남시 분당구,갈보리어린이집,분당경찰서,"2022-08-25",성남-01-128-F-02.jpeg,""
"794",37.3910230000,127.1336480000,성남-01-128,경기도,성남시 분당구,갈보리어린이집,분당경찰서,"2022-08-25",성남-01-128-F-03.jpeg,""
"795",37.3907020000,127.1334140000,성남-01-128,경기도,성남시 분당구,갈보리어린이집,분당경찰서,"2022-08-25",성남-01-128-F-04.jpeg,""
"796",37.3905310000,127.1332880000,성남-01-128,경기도,성남시 분당구,갈보리어린이집,분당경찰서,"2022-08-25",성남-01-128-F-05.jpeg,""
"797",37.3903510000,127.1330650000,성남-01-128,경기도,성남시 분당구,갈보리어린이집,분당경찰서,"2022-08-25",성남-01-128-F-06.jpeg,""
"798",37.3906270000,127.1334150000,성남-01-128,경기도,성남시 분당구,갈보리어린이집,분당경찰서,"2022-08-25",성남-01-128-F-07.jpeg,""
"799",37.3909210000,127.1336180000,성남-01-128,경기도,성남시 분당구,갈보리어린이집,분당경찰서,"2022-08-25",성남-01-128-F-08.jpeg,""
"800",37.3911150000,127.1343170000,성남-01-128,경기도,성남시 분당구,갈보리어린이집,분당경찰서,"2022-08-25",성남-01-128-F-09.jpeg,""
"801",37.3914290000,127.1334560000,성남-01-128,경기도,성남시 분당구,갈보리어린이집,분당경찰서,"2022-08-25",성남-01-128-F-10.jpeg,""
"802",37.3700680000,127.0956870000,성남-01-129,경기도,성남시 분당구,푸르니궁내어린이집,분당경찰서,"2022-08-31",성남-01-129-F-01.jpeg,""
"803",37.3700760000,127.0958560000,성남-01-129,경기도,성남시 분당구,푸르니궁내어린이집,분당경찰서,"2022-08-31",성남-01-129-F-02.jpeg,""
"804",37.3699550000,127.0964270000,성남-01-129,경기도,성남시 분당구,푸르니궁내어린이집,분당경찰서,"2022-08-31",성남-01-129-F-03.jpeg,""
"805",37.4069010000,127.1236650000,성남-01-130,경기도,성남시 분당구,더늘사랑어린이집,분당경찰서,"2022-08-31",성남-01-130-F-01.jpeg,""
"806",37.4072550000,127.1235270000,성남-01-130,경기도,성남시 분당구,더늘사랑어린이집,분당경찰서,"2022-08-31",성남-01-130-F-02.jpeg,""
"807",37.4058350000,127.1162320000,성남-01-131,경기도,성남시 분당구,삼평어린이집,분당경찰서,"2022-08-31",성남-01-131-F-01.jpeg,""
"808",37.4063390000,127.1160380000,성남-01-131,경기도,성남시 분당구,삼평어린이집,분당경찰서,"2022-08-31",성남-01-131-F-02.jpeg,""
"809",37.3911520000,127.0920910000,성남-01-132,경기도,성남시 분당구,판교제2어린이집,분당경찰서,"2022-09-01",성남-01-132-F-01.jpeg,""
"810",37.3913350000,127.0912660000,성남-01-132,경기도,성남시 분당구,판교제2어린이집,분당경찰서,"2022-09-01",성남-01-132-F-02.jpeg,""
"811",37.3915150000,127.0903610000,성남-01-132,경기도,성남시 분당구,판교제2어린이집,분당경찰서,"2022-09-01",성남-01-132-F-03.jpeg,""
"812",37.3916090000,127.0899120000,성남-01-132,경기도,성남시 분당구,판교제2어린이집,분당경찰서,"2022-09-01",성남-01-132-F-04.jpeg,""
"813",37.3914080000,127.0908390000,성남-01-132,경기도,성남시 분당구,판교제2어린이집,분당경찰서,"2022-09-01",성남-01-132-F-05.jpeg,""
"814",37.3913060000,127.0907630000,성남-01-132,경기도,성남시 분당구,판교제2어린이집,분당경찰서,"2022-09-01",성남-01-132-F-06.jpeg,""
"815",37.3912840000,127.0908250000,성남-01-132,경기도,성남시 분당구,판교제2어린이집,분당경찰서,"2022-09-01",성남-01-132-F-07.jpeg,""
"816",37.3792230000,127.1145390000,성남-01-133,경기도,성남시 분당구,수내동어린이집,분당경찰서,"2022-08-26",성남-01-133-F-01.jpeg,""
"817",37.3448020000,127.1120070000,성남-01-134,경기도,성남시 분당구,구미동어린이집,분당경찰서,"2022-08-22",성남-01-134-F-01.jpeg,""
"818",37.3445740000,127.1120890000,성남-01-134,경기도,성남시 분당구,구미동어린이집,분당경찰서,"2022-08-22",성남-01-134-F-02.jpeg,""
"819",37.4064340000,127.1524750000,성남-01-135,경기도,성남시 분당구,야탑보듬이나눔이어린이집,분당경찰서,"2022-08-22",성남-01-135-F-01.jpeg,""
"820",37.4062710000,127.1518990000,성남-01-135,경기도,성남시 분당구,야탑보듬이나눔이어린이집,분당경찰서,"2022-08-22",성남-01-135-F-02.jpeg,""
"821",37.4496260000,127.1582310000,성남-01-136,경기도,성남시 수정구,예림어린이집,성남수정경찰서,"2022-08-29",성남-01-136-F-01.jpeg,""
"822",37.4494540000,127.1581790000,성남-01-136,경기도,성남시 수정구,예림어린이집,성남수정경찰서,"2022-08-29",성남-01-136-F-02.jpeg,""
"823",37.4506610000,127.1517190000,성남-01-137,경기도,성남시 수정구,성남혜은학교,성남수정경찰서,"2022-08-17",성남-01-137-F-01.jpeg,""
"824",37.4504740000,127.1518140000,성남-01-137,경기도,성남시 수정구,성남혜은학교,성남수정경찰서,"2022-08-17",성남-01-137-F-02.jpeg,""
"825",37.4500210000,127.1523980000,성남-01-137,경기도,성남시 수정구,성남혜은학교,성남수정경찰서,"2022-08-17",성남-01-137-F-03.jpeg,""
"826",37.4502640000,127.1522750000,성남-01-137,경기도,성남시 수정구,성남혜은학교,성남수정경찰서,"2022-08-17",성남-01-137-F-04.jpeg,""
"827",37.4501670000,127.1528450000,성남-01-137,경기도,성남시 수정구,성남혜은학교,성남수정경찰서,"2022-08-17",성남-01-137-F-05.jpeg,""
"828",37.4505510000,127.1532610000,성남-01-137,경기도,성남시 수정구,성남혜은학교,성남수정경찰서,"2022-08-17",성남-01-137-F-06.jpeg,""
"829",37.4497630000,127.1529150000,성남-01-137,경기도,성남시 수정구,성남혜은학교,성남수정경찰서,"2022-08-17",성남-01-137-F-07.jpeg,""
"830",37.4492350000,127.1535210000,성남-01-137,경기도,성남시 수정구,성남혜은학교,성남수정경찰서,"2022-08-17",성남-01-137-F-08.jpeg,""
"831",37.4090780000,127.1434410000,성남-01-138,경기도,성남시 분당구,성은학교,분당경찰서,"2022-09-07",성남-01-138-F-01.jpeg,""
"832",37.4084140000,127.1430510000,성남-01-138,경기도,성남시 분당구,성은학교,분당경찰서,"2022-09-07",성남-01-138-F-02.jpeg,""
"833",37.4091140000,127.1436730000,성남-01-138,경기도,성남시 분당구,성은학교,분당경찰서,"2022-09-07",성남-01-138-F-03.jpeg,""
"834",37.4653110000,127.1280460000,성남-01-139,경기도,성남시 수정구,서울국제학교,성남수정경찰서,"2022-08-25",성남-01-139-F-01.jpeg,""
"835",37.4653420000,127.1280910000,성남-01-139,경기도,성남시 수정구,서울국제학교,성남수정경찰서,"2022-08-25",성남-01-139-F-02.jpeg,""
"836",37.3902070000,127.1253940000,성남-01-140,경기도,성남시 분당구,KDLP창의샘,분당경찰서,"2022-08-11",성남-01-140-F-01.jpeg,""
"837",37.3899770000,127.1253010000,성남-01-140,경기도,성남시 분당구,KDLP창의샘,분당경찰서,"2022-08-11",성남-01-140-F-02.jpeg,""
"838",37.3897310000,127.1247210000,성남-01-140,경기도,성남시 분당구,KDLP창의샘,분당경찰서,"2022-08-11",성남-01-140-F-03.jpeg,""
"839",37.3894010000,127.1244870000,성남-01-140,경기도,성남시 분당구,KDLP창의샘,분당경찰서,"2022-08-11",성남-01-140-F-04.jpeg,""
"840",37.3674560000,127.0705420000,성남-01-141,경기도,성남시 분당구,판교반디유치원,분당경찰서,"2022-08-31",성남-01-141-F-01.jpeg,""
"841",37.3675010000,127.0704940000,성남-01-141,경기도,성남시 분당구,판교반디유치원,분당경찰서,"2022-08-31",성남-01-141-F-02.jpeg,""
"842",37.4512160000,127.1527850000,성남-02-001,경기도,성남시 수정구,수정노인종합복지관,성남수정경찰서,"2022-08-17",성남-02-001-F-01.jpeg,""
"843",37.4509950000,127.1532710000,성남-02-001,경기도,성남시 수정구,수정노인종합복지관,성남수정경찰서,"2022-08-17",성남-02-001-F-02.jpeg,""
"844",37.4614060000,127.1302130000,성남-02-002,경기도,성남시 수정구,수정중앙노인종합복지관,성남수정경찰서,"2022-08-25",성남-02-002-F-01.jpeg,""
"845",37.4394310000,127.1375060000,성남-02-003,경기도,성남시 수정구,인보의집,성남수정경찰서,"2022-08-26",성남-02-003-F-01.jpeg,""
"846",37.4403630000,127.1370250000,성남-02-003,경기도,성남시 수정구,인보의집,성남수정경찰서,"2022-08-26",성남-02-003-F-02.jpeg,""
"847",37.4435550000,127.1426170000,성남-02-004,경기도,성남시 수정구,신흥3동제2경로당,성남수정경찰서,"2022-08-17",성남-02-004-F-01.jpeg,""
"848",37.4430110000,127.1430490000,성남-02-004,경기도,성남시 수정구,신흥3동제2경로당,성남수정경찰서,"2022-08-17",성남-02-004-F-02.jpeg,""
"849",37.4420980000,127.1694710000,성남-02-005,경기도,성남시 중원구,황송노인종합복지관,성남중원경찰서,"2022-08-04",성남-02-005-F-01.jpeg,""
"850",37.4418450000,127.1701940000,성남-02-005,경기도,성남시 중원구,황송노인종합복지관,성남중원경찰서,"2022-08-04",성남-02-005-F-02.jpeg,""
"851",37.4420210000,127.1694090000,성남-02-005,경기도,성남시 중원구,황송노인종합복지관,성남중원경찰서,"2022-08-04",성남-02-005-F-03.jpeg,""
"852",37.4415370000,127.1707470000,성남-02-005,경기도,성남시 중원구,황송노인종합복지관,성남중원경찰서,"2022-08-04",성남-02-005-F-04.jpeg,""
"853",37.4440830000,127.1738740000,성남-02-006,경기도,성남시 중원구,황송공원,성남중원경찰서,"2022-08-04",성남-02-006-F-01.jpeg,""
"854",37.4436910000,127.1724350000,성남-02-006,경기도,성남시 중원구,황송공원,성남중원경찰서,"2022-08-04",성남-02-006-F-02.jpeg,""
"855",37.4433710000,127.1714460000,성남-02-006,경기도,성남시 중원구,황송공원,성남중원경찰서,"2022-08-04",성남-02-006-F-03.jpeg,""
"856",37.4439940000,127.1731680000,성남-02-006,경기도,성남시 중원구,황송공원,성남중원경찰서,"2022-08-04",성남-02-006-F-04.jpeg,""
"857",37.4390060000,127.1587340000,성남-02-007,경기도,성남시 중원구,상대원2동제2복지회관,성남중원경찰서,"2022-08-17",성남-02-007-F-01.jpeg,""
"858",37.4393260000,127.1588810000,성남-02-007,경기도,성남시 중원구,상대원2동제2복지회관,성남중원경찰서,"2022-08-17",성남-02-007-F-02.jpeg,""
"859",37.4383740000,127.1583680000,성남-02-007,경기도,성남시 중원구,상대원2동제2복지회관,성남중원경찰서,"2022-08-17",성남-02-007-F-03.jpeg,""
"860",37.4319280000,127.1318280000,성남-02-008,경기도,성남시 중원구,중원노인종합복지관,성남중원경찰서,"2022-08-11",성남-02-008-F-01.jpeg,""
"861",37.4318110000,127.1316470000,성남-02-008,경기도,성남시 중원구,중원노인종합복지관,성남중원경찰서,"2022-08-11",성남-02-008-F-02.jpeg,""
"862",37.4316920000,127.1314540000,성남-02-008,경기도,성남시 중원구,중원노인종합복지관,성남중원경찰서,"2022-08-11",성남-02-008-F-03.jpeg,""
"863",37.4317870000,127.1312570000,성남-02-008,경기도,성남시 중원구,중원노인종합복지관,성남중원경찰서,"2022-08-11",성남-02-008-F-04.jpeg,""
"864",37.4320550000,127.1312230000,성남-02-008,경기도,성남시 중원구,중원노인종합복지관,성남중원경찰서,"2022-08-11",성남-02-008-F-05.jpeg,""
"865",37.4323370000,127.1311840000,성남-02-008,경기도,성남시 중원구,중원노인종합복지관,성남중원경찰서,"2022-08-11",성남-02-008-F-06.jpeg,""
"866",37.3476420000,127.1239630000,성남-02-009,경기도,성남시 분당구,서울시니어스타워,분당경찰서,"2022-08-31",성남-02-009-F-01.jpeg,""
"867",37.3459150000,127.1244710000,성남-02-009,경기도,성남시 분당구,서울시니어스타워,분당경찰서,"2022-08-31",성남-02-009-F-02.jpeg,""
"868",37.3467120000,127.1243370000,성남-02-009,경기도,성남시 분당구,서울시니어스타워,분당경찰서,"2022-08-31",성남-02-009-F-03.jpeg,""
"869",37.3481190000,127.1240530000,성남-02-009,경기도,성남시 분당구,서울시니어스타워,분당경찰서,"2022-08-31",성남-02-009-F-04.jpeg,""
"870",37.3903220000,127.1092320000,성남-02-010,경기도,성남시 분당구,판교노인종합복지관,분당경찰서,"2022-08-11",성남-02-010-F-01.jpeg,""
"871",37.3830920000,127.1509170000,성남-02-011,경기도,성남시 분당구,율동경로당,분당경찰서,"2022-08-31",성남-02-011-F-01.jpeg,""
"872",37.3828760000,127.1510610000,성남-02-011,경기도,성남시 분당구,율동경로당,분당경찰서,"2022-08-31",성남-02-011-F-02.jpeg,""
"873",37.4524590000,127.1685660000,성남-02-012,경기도,성남시 중원구,은행1동공원경로당,성남중원경찰서,"2022-09-02",성남-02-012-F-01.jpeg,""
"874",37.4480860000,127.1554880000,성남-02-015,경기도,성남시 수정구,대한노인회 성남시수정구지회,성남수정경찰서,"2022-08-17",성남-02-015-F-01.jpeg,""
"875",37.4401020000,127.1661610000,성남-02-016,경기도,성남시 중원구,상대원3경로당,성남중원경찰서,"2022-08-11",성남-02-016-F-01.jpeg,""
"876",37.4399040000,127.1660580000,성남-02-016,경기도,성남시 중원구,상대원3경로당,성남중원경찰서,"2022-08-11",성남-02-016-F-02.jpeg,""
"877",37.4399720000,127.1657870000,성남-02-016,경기도,성남시 중원구,상대원3경로당,성남중원경찰서,"2022-08-11",성남-02-016-F-03.jpeg,""
"878",37.4077650000,127.1440330000,성남-03-001,경기도,성남시 분당구,성남시한마음복지관,분당경찰서,"2022-09-01",성남-03-001-F-01.jpeg,""
